"ProlificID","selectedValue","actualShare","actualAgreement","predictedShare","predictedAgreement","item_nr","condition","Educational.Level","DemRep_C_num","Ideology_econ_num","Ideology_soc_num","ideology","income_num","gender","Household","AttentionCheck2","top25pre","bottom25pre","lower25pre","upper25pre","top25post","bottom25post","lower25post","upper25post","inequality_subj_1","inequality_pol_1","inequality_luck_1_1","inequality_subj_2","inequality_pol_2","inequality_luck_2_1","error_top25","error_uppermid25","error_lowermid25","error_bottom25","ineq_accuracy","error_top25_p","error_uppermid25_p","error_lowermid25_p","error_bottom25_p","ineq_accuracy_post"
"66d257bc5bc135b6cf963f02","Global Wealth Report 2024",4,4,4,4,5,"original","Doctoral degree",-1,0,0,0,4,"Female",4,"Moderately interested",35,24,16,25,35,24,16,25,5,4,4,4,4,4,0.5,0.15,0.12,0.23,0.75,0.5,0.15,0.12,0.23,0.75
"6644724f4469918e5e22d5b1","Is the US Really the Most Unequal Major Country?",3,6,3,4,23,"flipped","High school graduate (high school diploma or equivalent including GED)",1,1,0,0.5,1,"Male",1,"Not at all interested,Extremely interested",96,1,1,2,95,1,1,3,6,5,6,6,5,6,0.11,0.08,0.03,0,0.945,0.1,0.07,0.03,0,0.95
"5ef2d157c9260013fe94d10d","US Sees Unprecedented Wealth Growth, Outpacing Global Peers",1,6,1,2,5,"flipped","Bachelor's degree in college (4-year)",1,0,0,0,NA,"Female",2,"Not at all interested,Extremely interested",90,1,3,6,90,1,4,5,5,3,4,5,3,4,0.05,0.04,0.01,0,0.975,0.05,0.05,0,0,0.975
"6508cb7b6b9bcb7cf7543c2a","US Sees Unprecedented Wealth Growth, Outpacing Global Peers",1,3,4,3,5,"flipped","Some college but no degree",1,0,0,0,4,"Male",2,"Not at all interested,Extremely interested",80,1,5,14,69,5,9,17,6,6,5,6,5,6,0.0499999999999999,0.04,0.01,0,0.975,0.16,0.07,0.05,0.04,0.92
"65ddf5b38e9a6e841cf8cd68","Tax Experts Identify Inequities in Current Tax Law, Propose Solutions",6,7,5,6,2,"flipped","Master's degree",-3,-1,-1,-1,NA,"Female",3,"Not at all interested,Extremely interested",50,2,17,31,80,2,5,13,7,5,5,7,7,5,0.35,0.21,0.13,0.01,0.825,0.0499999999999999,0.03,0.01,0.01,0.975
"676d6b0a137e2c9c8e9fc347","Tax cuts for the wealthy only benefit the rich: debunking trickle-down economics",3,1,1,1,65,"original","Bachelor's degree in college (4-year)",2,1,0,0.5,NA,"Male",3,"Not at all interested,Extremely interested",40,18,29,13,22,26,28,24,3,1,6,3,2,6,0.45,0.03,0.25,0.17,0.775,0.63,0.14,0.24,0.25,0.685
"60cfdcfdf8a3c6c42dad17d3","Report Highlights Racial Wealth Gap in US Tax System",7,7,7,7,1,"flipped","High school graduate (high school diploma or equivalent including GED)",-3,-2,-2,-2,3,"Female",4,"Not at all interested,Extremely interested",81,2,4,13,71,4,9,16,7,4,3,7,7,2,0.0399999999999999,0.03,0,0.01,0.98,0.14,0.06,0.05,0.03,0.93
"66eb8f71bbf2cd81a68f9298","New Study Reveals Surprising Differences in Wealth Inequality Across Countries",5,6,2,6,3,"flipped","Bachelor's degree in college (4-year)",-3,-2,-2,-2,5,"Male",2,"Not at all interested,Extremely interested",89,1,5,5,90,1,2,7,7,7,2,7,7,2,0.04,0.05,0.01,0,0.975,0.05,0.03,0.02,0,0.975
"65a2cd1b1d1724a7eba41cd3","New report exposes tax system’s role in widening racial wealth gap, calls for urgent reforms",2,3,5,3,2,"original","Bachelor's degree in college (4-year)",2,1,1,1,5,"Male",3,"Not at all interested,Extremely interested",90,2,3,5,94,1,2,3,6,3,6,5,2,6,0.05,0.05,0.01,0.01,0.97,0.09,0.07,0.02,0,0.955
"67d1aae666d9b8ea619df9d0","Voter turnout in metro Atlanta differs by region, race and income",5,6,1,1,70,"original","Bachelor's degree in college (4-year)",-2,-1,-1,-1,5,"Female",3,"Not at all interested,Extremely interested",45,10,15,30,60,5,15,20,6,4,5,7,6,3,0.4,0.2,0.11,0.09,0.8,0.25,0.1,0.11,0.04,0.875
"67ed5793580aa51afb875781","New Study Reveals Surprising Differences in Wealth Inequality Across Countries",5,5,4,4,3,"flipped","Master's degree",3,2,2,2,2,"Male",4,"Not at all interested,Extremely interested",30,30,20,20,25,25,25,25,5,4,4,4,5,4,0.55,0.1,0.16,0.29,0.725,0.6,0.15,0.21,0.24,0.7
"67f7d4281969e578239dfbbb","Gym Prices Leave Would-Be Climbers Grasping for an Affordable Hold",5,5,5,5,44,"flipped","Master's degree",-1,0,0,0,5,"Female",4,"Not at all interested,Extremely interested",52,6,13,29,50,9,18,23,4,5,5,4,5,5,0.33,0.19,0.09,0.05,0.835,0.35,0.13,0.14,0.08,0.825
"67ed0a578e071cae26115038","Gap in Life Expectancy Between Black and White Americans Remains Wide",6,7,7,7,50,"flipped","Bachelor's degree in college (4-year)",2,1,1,1,2,"Female",3,"Not at all interested,Extremely interested",14,29,43,14,15,33,31,21,5,6,7,7,7,6,0.71,0.04,0.39,0.28,0.645,0.7,0.11,0.27,0.32,0.65
"67f9020f0eb0dcd9744d9e74","Proposed GOP Budget Cuts Would Reduce Federal Deficit, but Carry Social Costs",7,7,7,7,21,"flipped","Bachelor's degree in college (4-year)",-3,-1,0,-0.5,NA,"Male",7,"Not at all interested,Extremely interested",37,5,17,41,19,6,34,41,6,7,7,7,7,7,0.48,0.31,0.13,0.04,0.76,0.66,0.31,0.3,0.05,0.67
"67f25123da45cde78b9b45bc","The Paradox Of Progress For Black Americans",7,6,6,5,34,"original","Bachelor's degree in college (4-year)",1,0,0,0,4,"Female",3,"Not at all interested,Extremely interested",10,12,44,34,58,10,14,18,7,5,6,7,7,6,0.75,0.24,0.4,0.11,0.625,0.27,0.08,0.1,0.09,0.865
"583ef6f5ad2f4300014b358d","Wage Gap Statistics: The Numbers Behind Pay Disparity",7,7,2,4,15,"original","High school graduate (high school diploma or equivalent including GED)",-1,0,0,0,3,"Female",4,"Not at all interested,Extremely interested",25,25,25,25,25,25,25,25,7,7,3,7,7,3,0.6,0.15,0.21,0.24,0.7,0.6,0.15,0.21,0.24,0.7
"65f0ca37bee518869a2fc2b4","Is the US Really the Most Unequal Major Country?",1,5,1,5,23,"flipped","Master's degree",-1,1,-1,0,NA,"Female",2,"Not at all interested,Extremely interested",80,5,5,10,80,5,5,10,6,3,5,5,4,5,0.0499999999999999,0,0.01,0.04,0.975,0.0499999999999999,0,0.01,0.04,0.975
"67fab19f7213ecd93b1fd717","Tax cuts for the wealthy only benefit the rich: debunking trickle-down economics",2,2,2,4,65,"original","Doctoral degree",1,0,0,0,NA,"Male",5,"Not at all interested,Extremely interested",85,1,4,10,90,1,2,7,7,5,5,7,4,5,0,0,0,0,1,0.05,0.03,0.02,0,0.975
"67d8766b5a2500a0b13597d9","Project 2025 and GOP Agenda Would Increase Poverty and Wealth Gap, Experts Say",6,6,6,6,21,"original","Doctoral degree",-1,-1,-1,-1,NA,"Female",5,"Not at all interested,Extremely interested",7,66,19,8,71,2,7,20,2,5,7,6,6,6,0.78,0.02,0.15,0.65,0.6,0.14,0.1,0.03,0.01,0.93
"66145d25f58cb537cdc9eb97","New report exposes tax system’s role in widening racial wealth gap, calls for urgent reforms",4,5,4,4,2,"original","Bachelor's degree in college (4-year)",-1,0,0,0,2,"Female",2,"Not at all interested,Extremely interested",45,13,21,21,52,6,12,30,6,6,4,6,6,4,0.4,0.11,0.17,0.12,0.8,0.33,0.2,0.08,0.05,0.835
"67c8a1e884f657aed385d08c","Conservative Black columnist speaks on inequality and social justice at Susquehanna",2,5,1,3,36,"original","Associate degree in college (2-year)",-1,-1,-1,-1,3,"Male",2,"Not at all interested,Extremely interested",90,1,3,6,90,1,3,6,6,7,3,6,7,3,0.05,0.04,0.01,0,0.975,0.05,0.04,0.01,0,0.975
"61017e504e37cdb6ad358058","Choices and Circumstances: Exploring the Complexities of the Gender Pay Gap",6,6,7,7,15,"flipped","High school graduate (high school diploma or equivalent including GED)",-2,-1,-1,-1,2,"Female",4,"Not at all interested,Extremely interested",85,4,6,5,88,1,5,6,7,7,5,7,7,5,0,0.05,0.02,0.03,0.975,0.03,0.04,0.01,0,0.98
"67cef5d63ace45661b4fb304","The Race Gap: How U.S. systemic racism plays out in Black lives",6,6,4,4,50,"original","Master's degree",2,2,2,2,5,"Female",1,"Not at all interested,Extremely interested",5,50,30,15,5,50,30,15,5,5,6,5,5,6,0.8,0.05,0.26,0.49,0.6,0.8,0.05,0.26,0.49,0.6
"67f99e6f6e3952546bab0046","New Report Exposes Tax System’s Role in Widening Racial Wealth Gap, Calls for Urgent Reforms",3,5,4,4,1,"original","Doctoral degree",2,2,1,1.5,2,"Female",3,"Not at all interested,Extremely interested",15,55,10,20,50,10,20,20,4,7,6,6,7,6,0.7,0.1,0.06,0.54,0.65,0.35,0.1,0.16,0.09,0.825
"67ace44ff23c30b6337c7dcd","New Study Reveals Surprising Differences in Wealth Inequality Across Countries",5,6,6,6,3,"flipped","Doctoral degree",1,0,0,0,NA,"Female",4,"Not at all interested,Extremely interested",85,1,4,10,85,1,4,10,7,6,2,6,6,2,0,0,0,0,1,0,0,0,0,1
"67d6dc2ac73e4d83b88e8885","2024: A Defining Election For Black Rights And Economic Equality",6,6,4,4,31,"original","Bachelor's degree in college (4-year)",1,-1,0,-0.5,NA,"Male",7,"Not at all interested,Extremely interested",50,5,20,25,85,1,4,10,5,7,5,7,7,5,0.35,0.15,0.16,0.04,0.825,0,0,0,0,1
"67f982b290e769636fa9331e","Proposed GOP Budget Cuts Would Reduce Federal Deficit, but Carry Social Costs",6,6,6,6,21,"flipped","Master's degree",-3,2,2,2,NA,"Female",4,"Not at all interested,Extremely interested",38,13,23,26,33,15,24,28,6,6,6,6,6,6,0.47,0.16,0.19,0.12,0.765,0.52,0.18,0.2,0.14,0.74
"67f14eb7d9ae4f6027f7d2d7","Conservative Author Sparks Discussion on Campus with Views on Inequality",5,6,5,5,36,"flipped","Doctoral degree",-2,-2,-1,-1.5,4,"Male",4,"Extremely interested",45,10,20,25,45,10,20,25,6,5,6,6,5,6,0.4,0.15,0.16,0.09,0.8,0.4,0.15,0.16,0.09,0.8
"67f22134e309f2cb588aeb9a","Debate Over Trickle-Down Economics Fueled by New Research",5,5,7,4,65,"flipped","Doctoral degree",-2,-1,-1,-1,4,"Male",5,"Extremely interested",45,10,20,25,45,10,20,25,4,5,4,5,5,4,0.4,0.15,0.16,0.09,0.8,0.4,0.15,0.16,0.09,0.8
"67f6773f51ba59cb2568c099","2024: A Defining Election For Black Rights And Economic Equality",7,7,7,7,31,"original","Bachelor's degree in college (4-year)",-3,0,-2,-1,2,"Male",4,"Not at all interested,Extremely interested",10,20,40,30,70,3,7,20,5,7,5,6,7,6,0.75,0.2,0.36,0.19,0.625,0.15,0.1,0.03,0.02,0.925
"67f566689ed3278da3ff6893","Can Low Interest Rates Drive Inequality?",6,6,5,6,26,"original","Bachelor's degree in college (4-year)",2,2,2,2,4,"Male",5,"Not at all interested,Extremely interested",66,3,12,19,47,9,12,32,5,4,6,5,5,6,0.19,0.09,0.08,0.02,0.905,0.38,0.22,0.08,0.08,0.81
"67e1fa87e8aa9b415b7efafa","2024: A Defining Election For Black Rights And Economic Equality",1,5,1,4,31,"original","Master's degree",2,1,1,1,NA,"Female",1,"Not at all interested,Extremely interested",20,25,25,30,20,30,25,25,5,5,5,6,6,5,0.65,0.2,0.21,0.24,0.675,0.65,0.15,0.21,0.29,0.675
"678c1d5f1dbab87e957ae69f","Inequality and complacency: Experts weigh in on Minnesota’s lagging student achievement",5,6,5,5,103,"original","Master's degree",2,1,1,1,5,"Male",4,"Not at all interested,Extremely interested",13,5,26,56,5,47,32,16,6,6,5,6,6,6,0.72,0.46,0.22,0.04,0.64,0.8,0.06,0.28,0.46,0.6
"67f7cca113e574d16e933e49","Choices and Circumstances: Exploring the Complexities of the Gender Pay Gap",6,6,5,6,15,"flipped","Master's degree",2,1,1,1,4,"Female",1,"Not at all interested,Extremely interested",33,17,23,27,33,13,25,29,7,5,4,6,5,4,0.52,0.17,0.19,0.16,0.74,0.52,0.19,0.21,0.12,0.74
"67f6baa6bd90906858595481","Jamie Dimon Urges Presidential Candidates to Set Aside Partisan Rhetoric and Focus on Common Ground",4,5,5,5,95,"flipped","Bachelor's degree in college (4-year)",2,1,1,1,2,"Male",5,"Not at all interested,Extremely interested",45,13,18,24,47,6,20,27,5,5,4,5,4,5,0.4,0.14,0.14,0.12,0.8,0.38,0.17,0.16,0.05,0.81
"67f11ef199fadf3fa7bb5d78","Voter Turnout in Metro Atlanta Reveals Surprising Geographic Divide",6,6,6,5,70,"flipped","Master's degree",3,2,2,2,1,"Male",1,"Not at all interested,Extremely interested",10,40,30,20,10,40,30,20,6,6,7,6,6,6,0.75,0.1,0.26,0.39,0.625,0.75,0.1,0.26,0.39,0.625
"67f052147bb0231d3bddc9df","Jamie Dimon Urges Presidential Candidates to Set Aside Partisan Rhetoric and Focus on Common Ground",6,6,6,6,95,"flipped","Bachelor's degree in college (4-year)",2,1,1,1,4,"Male",4,"Not at all interested,Extremely interested",40,15,20,25,40,15,20,25,5,6,6,5,6,6,0.45,0.15,0.16,0.14,0.775,0.45,0.15,0.16,0.14,0.775
"5a21f3731a1ad3000138f901","New Universal Basic Income Program in this state: $300/monthly payments coming soon",1,2,1,1,92,"original","Associate degree in college (2-year)",3,2,2,2,1,"Male",1,"Not at all interested,Extremely interested",85,2,3,10,90,2,3,5,1,1,2,1,1,2,0,0,0.01,0.01,0.995,0.05,0.05,0.01,0.01,0.97
"67f7680039401b5913f923b8","Research Challenges Assumption that Lower Interest Rates Make Education More Accessible to the Poor",5,6,5,3,26,"flipped","Bachelor's degree in college (4-year)",-2,1,1,1,3,"Male",5,"Not at all interested,Extremely interested",45,10,15,30,75,4,9,12,7,5,6,7,6,5,0.4,0.2,0.11,0.09,0.8,0.1,0.02,0.05,0.03,0.95
"670c52d12d13be53271a4589","Proposed GOP Budget Cuts Would Reduce Federal Deficit, but Carry Social Costs",1,2,1,6,21,"flipped","Bachelor's degree in college (4-year)",3,2,2,2,5,"Female",2,"Not at all interested,Extremely interested",12,38,30,20,17,30,33,20,6,4,6,6,4,6,0.73,0.1,0.26,0.37,0.635,0.68,0.1,0.29,0.29,0.66
"67c07e77207eb3cb904d1cb6","The Paradox Of Progress For Black Americans",1,5,1,1,34,"original","Bachelor's degree in college (4-year)",3,2,2,2,NA,"Male",1,"Not at all interested,Extremely interested",80,5,5,10,40,10,25,25,7,1,7,1,1,7,0.0499999999999999,0,0.01,0.04,0.975,0.45,0.15,0.21,0.09,0.775
"5bc8897f462bdb0001a61426","New report exposes tax system’s role in widening racial wealth gap, calls for urgent reforms",1,1,1,1,2,"original","Some college but no degree",1,1,2,1.5,4,"Male",2,"Not at all interested,Extremely interested",80,4,6,10,85,2,3,10,2,1,6,3,1,6,0.0499999999999999,0,0.02,0.03,0.975,0,0,0.01,0.01,0.995
"67e70e5bda59719bc2b51fae","Conservative Author Sparks Discussion on Campus with Views on Inequality",5,5,4,4,36,"flipped","Bachelor's degree in college (4-year)",2,1,1,1,NA,"Male",3,"Not at all interested,Extremely interested",75,3,7,15,80,3,5,12,6,5,6,7,5,6,0.1,0.05,0.03,0.02,0.95,0.0499999999999999,0.02,0.01,0.02,0.975
"67d689c9044466ed69b44416","Inequality and complacency: Experts weigh in on Minnesota’s lagging student achievement",7,7,4,3,103,"original","Master's degree",2,1,1,1,NA,"Male",3,"Not at all interested,Extremely interested",45,10,15,30,45,8,17,30,7,4,6,7,6,6,0.4,0.2,0.11,0.09,0.8,0.4,0.2,0.13,0.07,0.8
"67f1c8dc042e5b62c7c65764","Global Wealth Report 2024",5,6,4,6,5,"original","Bachelor's degree in college (4-year)",-3,-2,-2,-2,5,"Female",5,"Not at all interested,Extremely interested",12,50,22,16,12,50,24,14,4,7,6,4,7,6,0.73,0.06,0.18,0.49,0.635,0.73,0.04,0.2,0.49,0.635
"60f45fc7523abdfd3aad4c80","Wage Gap Statistics: The Numbers Behind Pay Disparity",2,5,2,2,15,"original","Master's degree",-1,0,0,0,5,"Male",4,"Not at all interested,Extremely interested",66,3,9,22,67,2,6,25,4,2,5,5,2,5,0.19,0.12,0.05,0.02,0.905,0.18,0.15,0.02,0.01,0.91
"67ebde8b7d352cc6a2141fb3","New report exposes tax system’s role in widening racial wealth gap, calls for urgent reforms",5,5,6,3,2,"original","Bachelor's degree in college (4-year)",2,1,2,1.5,3,"Male",4,"Not at all interested,Extremely interested",35,17,22,26,40,18,16,26,6,5,6,7,6,6,0.5,0.16,0.18,0.16,0.75,0.45,0.16,0.12,0.17,0.775
"664228a624fe120dff73fe02","Dividend Payments Work: The Surprising Success of Alaska's Permanent Fund",1,7,1,5,76,"flipped","Associate degree in college (2-year)",1,0,0,0,1,"Female",3,"Not at all interested,Extremely interested",25,24,25,26,19,45,23,13,7,7,7,7,7,7,0.6,0.16,0.21,0.23,0.7,0.66,0.03,0.19,0.44,0.67
"67f9026f16fad86a6808530f","New Study Reveals Surprising Differences in Wealth Inequality Across Countries",5,6,5,3,3,"flipped","Bachelor's degree in college (4-year)",-2,2,2,2,NA,"Male",5,"Not at all interested,Extremely interested",46,6,18,30,38,8,22,32,6,5,5,4,5,7,0.39,0.2,0.14,0.05,0.805,0.47,0.22,0.18,0.07,0.765
"67f10e19e5d3359e59ecb81e","Debate Over Trickle-Down Economics Fueled by New Research",7,6,4,6,65,"flipped","Doctoral degree",-1,1,1,1,NA,"Female",3,"Not at all interested,Extremely interested",50,10,15,25,50,5,20,25,5,4,7,4,4,7,0.35,0.15,0.11,0.09,0.825,0.35,0.15,0.16,0.04,0.825
"660ea8ff5c2f4896e387b05c","Voter turnout in metro Atlanta differs by region, race and income",5,5,3,6,70,"original","Bachelor's degree in college (4-year)",-1,0,-1,-0.5,3,"Female",2,"Not at all interested,Extremely interested",25,15,20,40,25,20,20,35,6,5,5,6,5,5,0.6,0.3,0.16,0.14,0.7,0.6,0.25,0.16,0.19,0.7
"67002cbf0cab7540f09ada40","The Alaska Permanent Fund isn't exactly universal basic income, but offers similar benefits to UBI. Here's how it works.",5,6,4,4,76,"original","Bachelor's degree in college (4-year)",3,-1,-1,-1,3,"Female",3,"Not at all interested,Extremely interested",29,13,30,28,39,7,20,34,4,4,5,4,4,5,0.56,0.18,0.26,0.12,0.72,0.46,0.24,0.16,0.06,0.77
"6630daab4da9814812d3736c","Voter turnout in metro Atlanta differs by region, race and income",1,4,1,3,70,"original","High school graduate (high school diploma or equivalent including GED)",2,2,0,1,5,"Female",4,"Not at all interested,Extremely interested",16,33,20,31,30,23,17,30,4,2,6,4,2,6,0.69,0.21,0.16,0.32,0.655,0.55,0.2,0.13,0.22,0.725
"6737de14dd04abff960e1376","US Sees Unprecedented Wealth Growth, Outpacing Global Peers",1,5,3,3,5,"flipped","Master's degree",-2,-1,-2,-1.5,3,"Female",3,"Not at all interested,Extremely interested",80,3,7,10,71,2,7,20,7,7,5,7,7,4,0.0499999999999999,0,0.03,0.02,0.975,0.14,0.1,0.03,0.01,0.93
"67faf589e5200995faffd7f3","The Race Gap: How U.S. systemic racism plays out in Black lives",5,5,5,5,50,"original","Professional degree (JD, MD)",2,2,2,2,5,"Female",1,"Very interested",10,45,30,15,10,43,32,15,5,5,6,5,5,6,0.75,0.05,0.26,0.44,0.625,0.75,0.05,0.28,0.42,0.625
"67f41c60ca8e0e6b4779e0fb","New Study Reveals Surprising Differences in Wealth Inequality Across Countries",6,6,4,4,3,"flipped","Bachelor's degree in college (4-year)",1,0,0,0,3,"Female",2,"Not at all interested,Extremely interested",65,8,12,15,65,8,10,17,6,5,4,6,4,4,0.2,0.05,0.08,0.07,0.9,0.2,0.07,0.06,0.07,0.9
"67d220de3ad5d3f4be7836bd","The Race Gap: How U.S. systemic racism plays out in Black lives",7,6,4,5,50,"original","Master's degree",2,1,2,1.5,3,"Female",5,"Not at all interested,Extremely interested",23,27,25,25,30,26,19,25,4,5,6,6,5,5,0.62,0.15,0.21,0.26,0.69,0.55,0.15,0.15,0.25,0.725
"65e917f32c242fbbcfb5dfcd","New Universal Basic Income Program in this state: $300/monthly payments coming soon",5,5,4,4,92,"original","Bachelor's degree in college (4-year)",1,0,0,0,3,"Female",4,"Not at all interested,Extremely interested",15,15,40,30,50,10,20,20,7,3,6,4,2,5,0.7,0.2,0.36,0.14,0.65,0.35,0.1,0.16,0.09,0.825
"67f1921726bfac07aea277c3","Jamie Dimon Urges Presidential Candidates to Set Aside Partisan Rhetoric and Focus on Common Ground",3,4,4,3,95,"flipped","Doctoral degree",2,1,1,1,1,"Female",3,"Not at all interested,Extremely interested",25,10,20,45,19,12,26,43,5,6,5,5,6,5,0.6,0.35,0.16,0.09,0.7,0.66,0.33,0.22,0.11,0.67
"65cbd7028fd63abe5e4bd7d8","Debate Over Trickle-Down Economics Fueled by New Research",1,3,1,5,65,"flipped","Associate degree in college (2-year)",-3,-1,-1,-1,2,"Female",4,"Not at all interested,Extremely interested",10,20,35,35,10,25,40,25,6,6,5,6,6,5,0.75,0.25,0.31,0.19,0.625,0.75,0.15,0.36,0.24,0.625
"67f2e8ffb04c6020f911809e","Despite Record Low Unemployment, Racial Employment Gap Remains a Major Challenge",5,5,7,5,34,"flipped","Bachelor's degree in college (4-year)",-2,-1,-1,-1,2,"Female",5,"Not at all interested,Extremely interested",47,3,18,32,86,1,4,9,6,5,6,7,7,2,0.38,0.22,0.14,0.02,0.81,0.01,0.01,0,0,0.995
"663c44979cea037cd82721cd","Proposed GOP Budget Cuts Would Reduce Federal Deficit, but Carry Social Costs",5,6,2,3,21,"flipped","Master's degree",-1,-2,-2,-2,5,"Female",3,"Not at all interested,Extremely interested",90,1,2,7,90,2,3,5,7,7,5,7,7,5,0.05,0.03,0.02,0,0.975,0.05,0.05,0.01,0.01,0.97
"67edc47d8452c5844387c064","Voter turnout in metro Atlanta differs by region, race and income",6,5,5,5,70,"original","Doctoral degree",2,1,1,1,NA,"Female",5,"Not at all interested,Extremely interested",13,37,31,19,42,7,17,34,5,5,5,5,6,5,0.72,0.09,0.27,0.36,0.64,0.43,0.24,0.13,0.06,0.785
"611101548d78ab5ec3a9c42e","New Report Exposes Tax System’s Role in Widening Racial Wealth Gap, Calls for Urgent Reforms",7,7,5,4,1,"original","Associate degree in college (2-year)",-3,-2,-2,-2,1,"Prefer to self-describe",2,"Not at all interested,Extremely interested",80,3,6,11,90,1,3,6,7,7,4,7,7,3,0.0499999999999999,0.01,0.02,0.02,0.975,0.05,0.04,0.01,0,0.975
"67f6e68ebeb3422c0fd60ee4","Wage Gap Statistics: The Numbers Behind Pay Disparity",6,6,6,6,15,"original","Master's degree",-2,0,0,0,5,"Female",3,"Not at all interested,Extremely interested",60,5,15,20,55,10,15,20,5,5,3,5,6,4,0.25,0.1,0.11,0.04,0.875,0.3,0.1,0.11,0.09,0.85
"67f9a62e3f15ec5b77c11205","Is the US Really the Most Unequal Major Country?",4,5,1,2,23,"flipped","Bachelor's degree in college (4-year)",1,1,-1,0,2,"Female",3,"Not at all interested,Extremely interested",52,3,19,26,46,10,15,29,6,7,4,6,7,6,0.33,0.16,0.15,0.02,0.835,0.39,0.19,0.11,0.09,0.805
"6693240290e531d3d40c71d0","Gym Prices Leave Would-Be Climbers Grasping for an Affordable Hold",2,7,1,4,44,"flipped","Bachelor's degree in college (4-year)",-3,-1,-1,-1,NA,"Female",2,"Not at all interested,Extremely interested",5,30,40,25,20,15,35,30,7,7,6,7,6,6,0.8,0.15,0.36,0.29,0.6,0.65,0.2,0.31,0.14,0.675
"5bbb8d20b46f070001cd8828","Gym Prices Leave Would-Be Climbers Grasping for an Affordable Hold",7,6,6,6,44,"flipped","Some college but no degree",-1,0,0,0,2,"Male",2,"Not at all interested,Extremely interested",76,4,6,14,75,5,7,13,7,5,3,7,6,3,0.09,0.04,0.02,0.03,0.955,0.1,0.03,0.03,0.04,0.95
"67dacc346f024afa0a1ad5cf","Tax Experts Identify Inequities in Current Tax Law, Propose Solutions",5,5,5,5,2,"flipped","Master's degree",2,-1,-1,-1,4,"Female",4,"Not at all interested,Extremely interested",80,4,6,10,80,2,3,15,6,6,2,6,6,2,0.0499999999999999,0,0.02,0.03,0.975,0.0499999999999999,0.05,0.01,0.01,0.97
"67eaee2dab3985dc9b8c264b","Black Americans Face a Critical Choice in the 2024 Election",6,7,5,5,31,"flipped","Doctoral degree",2,2,2,2,NA,"Male",4,"Not at all interested,Extremely interested",13,26,36,25,9,32,41,18,6,6,5,5,5,5,0.72,0.15,0.32,0.25,0.64,0.76,0.08,0.37,0.31,0.62
"678063ddb3b444c30ed8d792","Gap in Life Expectancy Between Black and White Americans Remains Wide",7,7,7,7,50,"flipped","Bachelor's degree in college (4-year)",1,0,0,0,5,"Female",4,"Not at all interested,Extremely interested",80,3,7,10,80,3,7,10,6,5,6,6,5,6,0.0499999999999999,0,0.03,0.02,0.975,0.0499999999999999,0,0.03,0.02,0.975
"67f5be4b7d558526c1ec0715","The Double-Edged Sword of Technological Progress: Balancing Economic Growth and Social Challenges",7,6,6,4,16,"flipped","Bachelor's degree in college (4-year)",-2,-1,-1,-1,3,"Female",5,"Not at all interested,Extremely interested",50,8,17,25,75,2,8,15,7,6,7,7,6,3,0.35,0.15,0.13,0.07,0.825,0.1,0.05,0.04,0.01,0.95
"67e7bc91e7b08bf91e80d5ab","Conservative Author Sparks Discussion on Campus with Views on Inequality",2,4,5,6,36,"flipped","Doctoral degree",2,1,1,1,4,"Male",5,"Not at all interested,Extremely interested",55,11,8,26,53,7,14,26,5,5,5,5,5,5,0.3,0.16,0.04,0.1,0.85,0.32,0.16,0.1,0.06,0.84
"6782b2cdfd228148797c7a66","Tax cuts for the wealthy only benefit the rich: debunking trickle-down economics",1,3,1,2,65,"original","Some college but no degree",1,1,0,0.5,NA,"Male",4,"Not at all interested,Extremely interested",85,1,4,10,85,1,4,10,5,4,6,5,4,7,0,0,0,0,1,0,0,0,0,1
"67f91d99c41344bcfd055313","Debate Over Trickle-Down Economics Fueled by New Research",5,6,5,7,65,"flipped","Doctoral degree",1,-2,-2,-2,2,"Male",3,"Not at all interested,Extremely interested",40,10,20,30,40,10,20,30,6,6,5,6,7,5,0.45,0.2,0.16,0.09,0.775,0.45,0.2,0.16,0.09,0.775
"668d4819f7ea48371e78223f","Report Highlights Racial Wealth Gap in US Tax System",1,4,1,5,1,"flipped","Professional degree (JD, MD)",-1,0,0,0,4,"Male",5,"Not at all interested,Extremely interested",93,1,3,3,95,1,2,2,7,4,4,7,4,4,0.0800000000000001,0.07,0.01,0,0.96,0.1,0.08,0.02,0,0.95
"67207ddb95109f11e89dcfb8","Conservative Author Sparks Discussion on Campus with Views on Inequality",1,2,1,1,36,"flipped","Bachelor's degree in college (4-year)",1,0,-1,-0.5,5,"Female",5,"Not at all interested,Extremely interested",90,3,2,5,93,1,3,3,7,6,4,6,6,4,0.05,0.05,0.02,0.02,0.965,0.0800000000000001,0.07,0.01,0,0.96
"67f57f416596a8294877ee7a","Despite Increased Funding, Minnesota Students Lag Behind Peers",6,6,6,5,103,"flipped","Bachelor's degree in college (4-year)",2,1,1,1,5,"Female",2,"Not at all interested,Extremely interested",15,35,30,20,45,10,20,25,7,6,6,7,6,5,0.7,0.1,0.26,0.34,0.65,0.4,0.15,0.16,0.09,0.8
"663bb62ffe083ca847014fbb","Economic Gains From Tech Come at the Cost of Rising Wealth Inequality",2,6,2,5,16,"original","Master's degree",1,1,-1,0,4,"Male",2,"Not at all interested,Extremely interested",6,32,40,22,7,35,42,16,6,5,4,6,5,4,0.79,0.12,0.36,0.31,0.605,0.78,0.06,0.38,0.34,0.61
"67aaf5932380eed1b86d3b1b","2024: A Defining Election For Black Rights And Economic Equality",6,6,4,4,31,"original","Bachelor's degree in college (4-year)",-2,-1,-1,-1,5,"Female",4,"Not at all interested,Extremely interested",70,3,7,20,58,7,12,23,4,5,5,6,7,5,0.15,0.1,0.03,0.02,0.925,0.27,0.13,0.08,0.06,0.865
"67511ed5a097322f28dadcef","Inequality and complacency: Experts weigh in on Minnesota’s lagging student achievement",1,5,1,6,103,"original","Associate degree in college (2-year)",-2,0,0,0,1,"Female",8,"Not at all interested,Extremely interested",60,0,4,36,60,0,5,35,6,4,5,6,4,6,0.25,0.26,0,0.01,0.87,0.25,0.25,0.01,0.01,0.87
"65747760078a676a635bac01","US Sees Unprecedented Wealth Growth, Outpacing Global Peers",1,1,1,1,5,"flipped","Some college but no degree",-2,0,-1,-0.5,5,"Female",3,"Not at all interested,Extremely interested",70,5,10,15,70,5,10,15,6,6,4,6,6,4,0.15,0.05,0.06,0.04,0.925,0.15,0.05,0.06,0.04,0.925
"5be61e64aa1dd8000142f043","Is the US Really the Most Unequal Major Country?",1,7,1,7,23,"flipped","Associate degree in college (2-year)",-3,-1,-1,-1,4,"Male",3,"Not at all interested,Extremely interested",91,1,3,5,91,1,3,5,7,5,6,7,5,6,0.0600000000000001,0.05,0.01,0,0.97,0.0600000000000001,0.05,0.01,0,0.97
"67db58ac5e6a1b3ea8bce1c6","Black Americans Face a Critical Choice in the 2024 Election",6,6,6,6,31,"flipped","Bachelor's degree in college (4-year)",2,1,1,1,NA,"Female",4,"Not at all interested,Extremely interested",70,2,8,20,68,2,9,21,7,6,6,7,6,6,0.15,0.1,0.04,0.01,0.925,0.17,0.11,0.05,0.01,0.915
"60c770aa2d2928bfda4c7cd4","Voter Turnout in Metro Atlanta Reveals Surprising Geographic Divide",4,4,1,4,70,"flipped","Bachelor's degree in college (4-year)",-3,-2,-2,-2,4,"Male",1,"Not at all interested,Extremely interested",74,2,9,15,82,2,5,11,7,7,1,7,7,1,0.11,0.05,0.05,0.01,0.945,0.03,0.01,0.01,0.01,0.985
"67ca11d4a3397b2014be56b4","Gym Prices Leave Would-Be Climbers Grasping for an Affordable Hold",6,4,6,4,44,"flipped","Master's degree",-2,-1,-1,-1,4,"Female",3,"Not at all interested,Extremely interested",60,5,10,25,50,5,15,30,6,1,4,7,4,4,0.25,0.15,0.06,0.04,0.875,0.35,0.2,0.11,0.04,0.825
"67e0fcebfb4fc7cc40d15ba5","Dividend Payments Work: The Surprising Success of Alaska's Permanent Fund",5,6,4,4,76,"flipped","Master's degree",3,2,2,2,4,"Male",2,"Not at all interested,Extremely interested",50,5,15,30,50,6,15,29,5,7,3,5,4,5,0.35,0.2,0.11,0.04,0.825,0.35,0.19,0.11,0.05,0.825
"6785c695a07c912f4f5a105d","New report exposes tax system’s role in widening racial wealth gap, calls for urgent reforms",1,2,1,1,2,"original","Some college but no degree",3,2,2,2,1,"Female",1,"Not at all interested,Extremely interested",13,20,39,28,13,26,35,26,4,2,6,5,3,6,0.72,0.18,0.35,0.19,0.64,0.72,0.16,0.31,0.25,0.64
"5fa0b90cb8c882147f94b0c4","The Race Gap: How U.S. systemic racism plays out in Black lives",1,1,1,1,50,"original","Some college but no degree",2,1,1,1,3,"Female",2,"Not at all interested,Extremely interested",10,29,41,20,10,29,40,21,6,5,6,6,4,6,0.75,0.1,0.37,0.28,0.625,0.75,0.11,0.36,0.28,0.625
"67f45f4151b0ae524ba9970a","The Paradox Of Progress For Black Americans",5,6,5,4,34,"original","High school graduate (high school diploma or equivalent including GED)",-2,-1,-1,-1,4,"Male",3,"Not at all interested,Extremely interested",60,5,15,20,60,5,15,20,6,6,6,6,6,6,0.25,0.1,0.11,0.04,0.875,0.25,0.1,0.11,0.04,0.875
"672d64c4790b6e5fc422fc11","Project 2025 and GOP Agenda Would Increase Poverty and Wealth Gap, Experts Say",1,1,2,2,21,"original","Bachelor's degree in college (4-year)",1,1,1,1,5,"Male",2,"Not at all interested,Extremely interested",70,10,5,15,70,10,5,15,5,3,5,5,3,5,0.15,0.05,0.01,0.09,0.925,0.15,0.05,0.01,0.09,0.925
"672d7efea81892409cff5c84","Jamie Dimon Urges Presidential Candidates to Set Aside Partisan Rhetoric and Focus on Common Ground",4,3,2,3,95,"flipped","Master's degree",-1,-2,-2,-2,1,"Non-binary / third gender",4,"Not at all interested,Extremely interested",80,5,5,10,90,2,3,5,7,5,3,7,6,2,0.0499999999999999,0,0.01,0.04,0.975,0.05,0.05,0.01,0.01,0.97
"67f8b1e7650a82278aff6b78","Inequality and complacency: Experts weigh in on Minnesota’s lagging student achievement",7,6,1,1,103,"original","Bachelor's degree in college (4-year)",-3,-2,0,-1,2,"Female",2,"Not at all interested,Extremely interested",85,1,4,10,85,1,4,10,5,7,6,6,7,6,0,0,0,0,1,0,0,0,0,1
"67f5c7abf5f13ea9a017e05b","New report exposes tax system’s role in widening racial wealth gap, calls for urgent reforms",4,5,5,6,2,"original","Doctoral degree",1,1,1,1,4,"Female",3,"Very interested",25,32,30,13,27,25,24,24,5,5,5,4,4,4,0.6,0.03,0.26,0.31,0.7,0.58,0.14,0.2,0.24,0.71
"67f88e9d6267b276baf8a018","Gym Prices Leave Would-Be Climbers Grasping for an Affordable Hold",6,7,5,6,44,"flipped","Bachelor's degree in college (4-year)",2,2,2,2,3,"Male",6,"Not at all interested,Extremely interested",50,10,10,30,50,5,15,30,6,5,6,6,5,6,0.35,0.2,0.06,0.09,0.825,0.35,0.2,0.11,0.04,0.825
"65f2b68657e213cc7cb1ca54","Gym Prices Leave Would-Be Climbers Grasping for an Affordable Hold",4,7,1,4,44,"flipped","Some college but no degree",-1,-1,-1,-1,2,"Male",5,"Not at all interested,Extremely interested",89,1,3,7,91,1,3,5,7,7,2,7,7,2,0.04,0.03,0.01,0,0.98,0.0600000000000001,0.05,0.01,0,0.97
"65f3a58fec67a4540b02a71d","How can we understand wealth inequality across countries?",5,6,3,3,3,"original","Some college but no degree",2,2,2,2,2,"Female",4,"Not at all interested,Extremely interested",27,0,12,61,42,5,21,32,6,6,5,5,6,5,0.58,0.51,0.08,0.01,0.705,0.43,0.22,0.17,0.04,0.785
"6722da37043b8cd932463b97","2024: A Defining Election For Black Rights And Economic Equality",1,7,1,4,31,"original","Some college but no degree",-2,NA,-2,NA,1,"Female",2,"Not at all interested,Extremely interested",70,0,10,20,80,2,8,10,7,7,4,7,7,4,0.15,0.1,0.06,0.01,0.92,0.0499999999999999,0,0.04,0.01,0.975
"67abe66fcc12f89d5aaded06","New Study Reveals Surprising Differences in Wealth Inequality Across Countries",5,5,5,2,3,"flipped","Associate degree in college (2-year)",2,1,0,0.5,3,"Female",1,"Not at all interested,Extremely interested",35,15,20,30,30,20,25,25,5,4,5,3,3,4,0.5,0.2,0.16,0.14,0.75,0.55,0.15,0.21,0.19,0.725
"67f72474746fa86c43e2829b","Conservative Author Sparks Discussion on Campus with Views on Inequality",3,5,3,3,36,"flipped","Associate degree in college (2-year)",-1,1,1,1,4,"Female",2,"Not at all interested,Extremely interested",80,4,6,10,83,2,5,10,7,7,4,6,6,5,0.0499999999999999,0,0.02,0.03,0.975,0.02,0,0.01,0.01,0.99
"67606caee59f6f7312f6277f","Project 2025 and GOP Agenda Would Increase Poverty and Wealth Gap, Experts Say",7,7,7,7,21,"original","Bachelor's degree in college (4-year)",-3,-2,-2,-2,5,"Male",4,"Not at all interested,Extremely interested",85,5,5,5,85,3,5,7,7,7,5,7,7,5,0,0.05,0.01,0.04,0.975,0,0.03,0.01,0.02,0.985
"67b7200c877d99ec2bab6dfa","Jamie Dimon on how economic inequality fueled political polarization and what can be done",6,6,4,4,95,"original","Some college but no degree",-1,-2,-2,-2,1,"Male",2,"Not at all interested,Extremely interested",50,11,14,25,65,12,12,11,7,6,4,6,6,5,0.35,0.15,0.1,0.1,0.825,0.2,0.01,0.08,0.11,0.9
"675328176fb27c8d627a884e","Bernie Sanders 2020: Is US inequality the highest?",7,7,2,4,23,"original","Some college but no degree",-2,0,0,0,1,"Female",8,"Not at all interested,Extremely interested",0,15,42,43,30,10,25,35,7,7,6,7,7,6,0.85,0.33,0.38,0.14,0.575,0.55,0.25,0.21,0.09,0.725
"6673799716aa321db7d7b1af","Is the US Really the Most Unequal Major Country?",1,5,1,4,23,"flipped","Bachelor's degree in college (4-year)",-3,-2,-2,-2,1,"Male",4,"Not at all interested,Extremely interested",97,0,1,2,94,1,2,3,7,7,2,7,7,2,0.12,0.08,0.03,0.01,0.94,0.09,0.07,0.02,0,0.955
"66b65380b5efe1dedcf6729b","Black Americans Face a Critical Choice in the 2024 Election",1,3,1,3,31,"flipped","High school graduate (high school diploma or equivalent including GED)",-1,0,0,0,1,"Male",1,"Not at all interested,Extremely interested",65,5,10,20,65,5,10,20,6,6,5,7,7,5,0.2,0.1,0.06,0.04,0.9,0.2,0.1,0.06,0.04,0.9
"672630467151fff619cdcac1","New Study Reveals Surprising Differences in Wealth Inequality Across Countries",1,5,1,6,3,"flipped","Bachelor's degree in college (4-year)",-1,1,0,0.5,5,"Male",3,"Not at all interested,Extremely interested",90,2,3,5,82,4,6,8,5,3,5,5,3,6,0.05,0.05,0.01,0.01,0.97,0.03,0.02,0.02,0.03,0.975
"653955abd70c010a3803070c","Bernie Sanders 2020: Is US inequality the highest?",7,6,6,6,23,"original","Bachelor's degree in college (4-year)",2,1,1,1,2,"Male",2,"Not at all interested,Extremely interested",10,15,40,35,5,35,50,10,6,3,6,7,6,6,0.75,0.25,0.36,0.14,0.625,0.8,0,0.46,0.34,0.6
"63faeccd22c0d2a8f1b9759e","Gym Prices Leave Would-Be Climbers Grasping for an Affordable Hold",4,6,2,6,44,"flipped","Master's degree",-2,0,-1,-0.5,4,"Male",3,"Not at all interested,Extremely interested",88,1,3,8,90,0,2,8,7,7,7,7,7,7,0.03,0.02,0.01,0,0.985,0.05,0.02,0.02,0.01,0.975
"67f573cb8e4330fda4db4178","Gap in Life Expectancy Between Black and White Americans Remains Wide",6,7,7,5,50,"flipped","Master's degree",2,1,1,1,5,"Female",4,"Not at all interested,Extremely interested",40,11,20,29,42,11,20,27,5,6,4,6,5,4,0.45,0.19,0.16,0.1,0.775,0.43,0.17,0.16,0.1,0.785
"673f6225099e447a7aebf4e4","Choices and Circumstances: Exploring the Complexities of the Gender Pay Gap",2,5,4,5,15,"flipped","Some college but no degree",-1,-1,-1,-1,5,"Female",3,"Not at all interested,Extremely interested",85,3,4,8,85,2,4,9,7,6,3,7,6,3,0,0.02,0,0.02,0.99,0,0.01,0,0.01,0.995
"66ccd45c87e202aaff84b3d7","Despite Increased Funding, Minnesota Students Lag Behind Peers",5,3,1,3,103,"flipped","Bachelor's degree in college (4-year)",2,2,2,2,3,"Female",3,"Not at all interested,Extremely interested",60,5,10,25,60,5,10,25,2,3,4,5,4,4,0.25,0.15,0.06,0.04,0.875,0.25,0.15,0.06,0.04,0.875
"5c2ab2de9136140001b90737","New report exposes tax system’s role in widening racial wealth gap, calls for urgent reforms",7,7,6,7,2,"original","Some college but no degree",-3,-2,-2,-2,5,"Female",3,"Not at all interested,Extremely interested",62,4,11,23,68,2,4,26,7,7,2,7,7,2,0.23,0.13,0.07,0.03,0.885,0.17,0.16,0,0.01,0.915
"672c373817eff160001d5a39","2024: A Defining Election For Black Rights And Economic Equality",1,2,1,2,31,"original","Bachelor's degree in college (4-year)",1,1,1,1,NA,"Male",5,"Not at all interested,Extremely interested",10,43,29,18,20,16,36,28,4,3,3,1,2,3,0.75,0.08,0.25,0.42,0.625,0.65,0.18,0.32,0.15,0.675
"671bdf1f387885333e5f10a2","New report exposes tax system’s role in widening racial wealth gap, calls for urgent reforms",1,3,1,1,2,"original","Bachelor's degree in college (4-year)",1,1,1,1,4,"Female",4,"Not at all interested,Extremely interested",30,14,18,38,28,21,30,21,3,3,4,5,2,4,0.55,0.28,0.14,0.13,0.725,0.57,0.11,0.26,0.2,0.715
"65de86c4043910f19026eff9","The Double-Edged Sword of Technological Progress: Balancing Economic Growth and Social Challenges",7,7,2,6,16,"flipped","Associate degree in college (2-year)",-2,-1,-1,-1,2,"Male",3,"Not at all interested,Extremely interested",75,5,10,10,74,3,13,10,7,7,6,7,7,6,0.1,0,0.06,0.04,0.95,0.11,0,0.09,0.02,0.945
"67acf597c56cf9f78737f372","Economic Gains From Tech Come at the Cost of Rising Wealth Inequality",4,5,6,5,16,"original","High school graduate (high school diploma or equivalent including GED)",2,1,1,1,1,"Female",3,"Not at all interested,Extremely interested",20,20,30,30,30,10,30,30,6,5,5,3,4,5,0.65,0.2,0.26,0.19,0.675,0.55,0.2,0.26,0.09,0.725
"67e940cee5f64c663c4428c6","New Report Exposes Tax System’s Role in Widening Racial Wealth Gap, Calls for Urgent Reforms",7,7,7,7,1,"original","Professional degree (JD, MD)",2,0,-1,-0.5,2,"Female",3,"Not at all interested,Extremely interested",51,5,16,28,85,1,4,10,6,7,6,7,7,7,0.34,0.18,0.12,0.04,0.83,0,0,0,0,1
"5e2c7806bb1a6e000cf7f2e8","How can we understand wealth inequality across countries?",4,6,1,4,3,"original","Less than high school degree",-1,-1,-1,-1,1,"Male",2,"Not at all interested,Extremely interested",60,5,15,20,60,5,10,25,7,7,5,7,7,5,0.25,0.1,0.11,0.04,0.875,0.25,0.15,0.06,0.04,0.875
"67fac2d4a79ce4a60f85d4d2@email.prolific.com","The Alaska Permanent Fund isn't exactly universal basic income, but offers similar benefits to UBI. Here's how it works.",6,7,5,6,76,"original","Bachelor's degree in college (4-year)",-2,0,-1,-0.5,1,"Female",2,"Not at all interested,Extremely interested",75,5,5,15,70,5,5,20,7,7,6,7,7,6,0.1,0.05,0.01,0.04,0.95,0.15,0.1,0.01,0.04,0.925
"670e7c3ca139bbc8ce38fb53","Voter turnout in metro Atlanta differs by region, race and income",2,5,3,4,70,"original","Master's degree",2,1,1,1,4,"Male",4,"Not at all interested,Extremely interested",60,1,14,25,70,3,7,20,6,4,4,6,4,4,0.25,0.15,0.1,0,0.875,0.15,0.1,0.03,0.02,0.925
"65b8196eec5261f50d90f009","Despite Increased Funding, Minnesota Students Lag Behind Peers",3,3,3,3,103,"flipped","Bachelor's degree in college (4-year)",-1,0,0,0,2,"Male",1,"Not at all interested,Extremely interested",0,52,29,19,1,51,25,23,7,7,4,7,7,4,0.85,0.09,0.25,0.51,0.575,0.84,0.13,0.21,0.5,0.58
"5fc1b59370c9de1ad16360cf","Tax cuts for the wealthy only benefit the rich: debunking trickle-down economics",1,1,1,1,65,"original","Some college but no degree",1,0,0,0,2,"Male",2,"Not at all interested,Extremely interested",90,3,3,4,90,3,3,4,5,1,6,5,1,6,0.05,0.06,0.01,0.02,0.965,0.05,0.06,0.01,0.02,0.965
"6266a849331cc893a5b22cf6","Report Highlights Racial Wealth Gap in US Tax System",4,7,7,7,1,"flipped","Master's degree",-1,0,0,0,4,"Male",3,"Not at all interested,Extremely interested",80,1,5,14,80,1,5,14,7,7,2,7,7,2,0.0499999999999999,0.04,0.01,0,0.975,0.0499999999999999,0.04,0.01,0,0.975
"62b601e089d3d1134aed066b","New report exposes tax system’s role in widening racial wealth gap, calls for urgent reforms",7,7,5,5,2,"original","Bachelor's degree in college (4-year)",-3,-2,-2,-2,5,"Female",2,"Not at all interested,Extremely interested",1,59,20,20,70,1,13,16,7,7,6,7,7,5,0.84,0.1,0.16,0.58,0.58,0.15,0.06,0.09,0,0.925
"66ac5308e9101c0a59f7ef33","The Alaska Permanent Fund isn't exactly universal basic income, but offers similar benefits to UBI. Here's how it works.",5,5,6,4,76,"original","Bachelor's degree in college (4-year)",-3,-1,-1,-1,4,"Female",3,"Not at all interested,Extremely interested",82,4,9,5,93,4,2,1,6,7,5,7,7,6,0.03,0.05,0.05,0.03,0.96,0.0800000000000001,0.09,0.02,0.03,0.945
"660eab035821349c9d01e870","New Study Reveals Surprising Differences in Wealth Inequality Across Countries",4,6,2,4,3,"flipped","Some college but no degree",-3,-2,-2,-2,3,"Male",1,"Not at all interested,Extremely interested",66,7,8,19,75,4,10,11,7,6,6,7,7,6,0.19,0.09,0.04,0.06,0.905,0.1,0.01,0.06,0.03,0.95
"67f734f31ac4c2eb7a570021","Gap in Life Expectancy Between Black and White Americans Remains Wide",5,5,7,6,50,"flipped","Bachelor's degree in college (4-year)",2,0,0,0,2,"Female",3,"Not at all interested,Extremely interested",50,5,15,30,50,9,11,30,6,5,6,6,6,6,0.35,0.2,0.11,0.04,0.825,0.35,0.2,0.07,0.08,0.825
"66106cb0a3498a31bbf902c1","Tax cuts for the wealthy only benefit the rich: debunking trickle-down economics",4,7,4,7,65,"original","Bachelor's degree in college (4-year)",-2,-1,-2,-1.5,3,"Male",4,"Not at all interested,Extremely interested",64,7,16,13,76,5,8,11,7,6,3,7,6,2,0.21,0.03,0.12,0.06,0.895,0.09,0.01,0.04,0.04,0.955
"6539a45c2de366185e3fd515","Can Low Interest Rates Drive Inequality?",1,5,1,4,26,"original","Master's degree",-2,-1,-1,-1,5,"Male",4,"Not at all interested,Extremely interested",65,5,12,18,65,5,12,18,6,5,3,6,6,3,0.2,0.08,0.08,0.04,0.9,0.2,0.08,0.08,0.04,0.9
"67f77eeb17f488a7e909f402","Can Climbing Outrun its Own Elitism with Inclusive Gym Pricing?",1,3,1,2,44,"original","Some college but no degree",2,2,1,1.5,1,"Male",1,"Not at all interested,Extremely interested",87,1,3,9,90,1,2,7,5,2,4,5,2,4,0.02,0.01,0.01,0,0.99,0.05,0.03,0.02,0,0.975
"65dbf5d973f37cd64fae92cf","Global Wealth Report 2024",3,4,4,5,5,"original","Bachelor's degree in college (4-year)",-1,0,0,0,2,"Male",1,"Not at all interested,Extremely interested",90,1,2,7,90,1,2,7,6,5,5,6,5,5,0.05,0.03,0.02,0,0.975,0.05,0.03,0.02,0,0.975
"66ccd41993bcfa83410adbf0","Jamie Dimon Urges Presidential Candidates to Set Aside Partisan Rhetoric and Focus on Common Ground",1,3,1,1,95,"flipped","Master's degree",-1,0,-1,-0.5,2,"Female",3,"Not at all interested,Extremely interested",50,5,20,25,70,2,8,20,7,7,3,7,7,2,0.35,0.15,0.16,0.04,0.825,0.15,0.1,0.04,0.01,0.925
"6523fa4115bcdea35eafdd8d","Voter Turnout in Metro Atlanta Reveals Surprising Geographic Divide",1,2,1,2,70,"flipped","Master's degree",1,1,1,1,NA,"Male",2,"Not at all interested,Extremely interested",86,0,2,12,85,0,5,10,5,2,5,5,2,5,0.01,0.02,0.02,0.01,0.985,0,0,0.01,0.01,0.995
"6657f5855a92ed16a25ef772","New Study Reveals Surprising Differences in Wealth Inequality Across Countries",4,5,4,4,3,"flipped","Bachelor's degree in college (4-year)",-2,-1,-1,-1,4,"Female",5,"Not at all interested,Extremely interested",1,35,40,24,5,40,15,40,5,4,4,5,5,5,0.84,0.14,0.36,0.34,0.58,0.8,0.3,0.11,0.39,0.6
"5f26a528db44f93fe609e3ec","Is the US Really the Most Unequal Major Country?",4,6,3,4,23,"flipped","Master's degree",1,2,-2,0,NA,"Male",2,"Not at all interested,Extremely interested",85,1,5,9,85,1,3,11,2,1,5,1,1,5,0,0.01,0.01,0,0.995,0,0.01,0.01,0,0.995
"56d8e4a9d13f6b000e542f4d","Gym Prices Leave Would-Be Climbers Grasping for an Affordable Hold",7,7,2,4,44,"flipped","Bachelor's degree in college (4-year)",-2,0,-1,-0.5,2,"Female",2,"Not at all interested,Extremely interested",65,5,15,15,66,5,9,20,7,5,4,7,6,4,0.2,0.05,0.11,0.04,0.9,0.19,0.1,0.05,0.04,0.905
"67ef44c4d50545c1c22333d7","Project 2025 and GOP Agenda Would Increase Poverty and Wealth Gap, Experts Say",6,5,5,5,21,"original","Master's degree",-1,0,0,0,5,"Male",3,"Not at all interested,Extremely interested",23,27,28,22,27,28,18,27,4,4,3,4,4,3,0.62,0.12,0.24,0.26,0.69,0.58,0.17,0.14,0.27,0.71
"5f4c535e63c40a867949ca66","The Race Gap: How U.S. systemic racism plays out in Black lives",2,6,1,1,50,"original","Associate degree in college (2-year)",2,1,1,1,1,"Female",4,"Not at all interested,Extremely interested",63,16,14,7,21,27,30,22,6,4,3,5,6,3,0.22,0.03,0.1,0.15,0.875,0.64,0.12,0.26,0.26,0.68
"670ef13724cf61c654491ce4","Research Challenges Assumption that Lower Interest Rates Make Education More Accessible to the Poor",7,7,5,5,26,"flipped","Bachelor's degree in college (4-year)",-1,1,-1,0,4,"Female",1,"Not at all interested,Extremely interested",76,3,9,12,79,3,6,12,7,7,5,7,7,5,0.09,0.02,0.05,0.02,0.955,0.0599999999999999,0.02,0.02,0.02,0.97
"5f98c3f8f2d9be1e75e21709","New Pilot Program in Colorado Offers $7200 in Assistance to Families with Young Children",4,6,2,3,92,"flipped","Bachelor's degree in college (4-year)",-2,0,0,0,3,"Male",1,"Not at all interested,Extremely interested",73,5,7,15,95,0,0,5,6,5,3,6,5,3,0.12,0.05,0.03,0.04,0.94,0.1,0.05,0.04,0.01,0.95
"663bae5f46106508ead1cc5d","Jamie Dimon on how economic inequality fueled political polarization and what can be done",6,5,1,5,95,"original","Bachelor's degree in college (4-year)",-1,0,0,0,NA,"Male",3,"Not at all interested,Extremely interested",5,65,20,10,5,65,20,10,7,7,1,7,7,1,0.8,0,0.16,0.64,0.6,0.8,0,0.16,0.64,0.6
"670e735764f379104d34dac2","Report Highlights Racial Wealth Gap in US Tax System",6,5,5,6,1,"flipped","Bachelor's degree in college (4-year)",1,0,1,0.5,4,"Male",5,"Not at all interested,Extremely interested",25,27,25,23,20,32,22,26,5,5,5,6,5,5,0.6,0.13,0.21,0.26,0.7,0.65,0.16,0.18,0.31,0.675
"675f6c486a6a6ae2ce6847b1","New Study Reveals Surprising Differences in Wealth Inequality Across Countries",3,6,3,2,3,"flipped","Bachelor's degree in college (4-year)",3,2,2,2,NA,"Female",4,"Not at all interested,Extremely interested",10,20,50,20,20,10,30,40,5,2,5,3,3,3,0.75,0.1,0.46,0.19,0.625,0.65,0.3,0.26,0.09,0.675
"66ba63d31cd394ac6c21b0bb","US Sees Unprecedented Wealth Growth, Outpacing Global Peers",2,6,1,6,5,"flipped","Bachelor's degree in college (4-year)",1,1,-1,0,NA,"Male",2,"Not at all interested,Extremely interested",90,1,3,6,90,1,3,6,5,3,6,5,3,6,0.05,0.04,0.01,0,0.975,0.05,0.04,0.01,0,0.975
"6595a5cbe675d0fc372344b9","Voter turnout in metro Atlanta differs by region, race and income",6,6,5,5,70,"original","Associate degree in college (2-year)",-1,-1,-1,-1,2,"Female",2,"Not at all interested,Extremely interested",63,4,12,21,70,5,9,16,6,5,4,6,6,4,0.22,0.11,0.08,0.03,0.89,0.15,0.06,0.05,0.04,0.925
"67cac313455c52c511f790a0","Can Climbing Outrun its Own Elitism with Inclusive Gym Pricing?",4,7,1,4,44,"original","Master's degree",-2,-1,-1,-1,3,"Female",1,"Not at all interested,Extremely interested",80,6,4,10,80,6,4,10,7,7,4,7,7,4,0.0499999999999999,0,0,0.05,0.975,0.0499999999999999,0,0,0.05,0.975
"67d0ad7411b221b26a2c54d7","Wage Gap Statistics: The Numbers Behind Pay Disparity",5,5,3,3,15,"original","Bachelor's degree in college (4-year)",1,0,0,0,2,"Female",1,"Not at all interested,Extremely interested",71,5,5,19,79,2,8,11,7,5,5,7,7,4,0.14,0.09,0.01,0.04,0.93,0.0599999999999999,0.01,0.04,0.01,0.97
"67167ad12ffc53d3eb6b3b41","New Study Reveals Surprising Differences in Wealth Inequality Across Countries",3,5,3,5,3,"flipped","High school graduate (high school diploma or equivalent including GED)",-1,0,0,0,4,"Male",2,"Not at all interested,Extremely interested",70,5,10,15,70,5,10,15,5,4,5,5,4,5,0.15,0.05,0.06,0.04,0.925,0.15,0.05,0.06,0.04,0.925
"5d9b7f29654a3102c8112b63","Jamie Dimon Urges Presidential Candidates to Set Aside Partisan Rhetoric and Focus on Common Ground",6,6,7,7,95,"flipped","Associate degree in college (2-year)",-3,-2,-2,-2,1,"Female",1,"Not at all interested,Extremely interested",75,0,0,25,77,0,0,23,7,7,6,7,7,6,0.1,0.15,0.04,0.01,0.925,0.08,0.13,0.04,0.01,0.935
"60de9c66c01a9de405e9efb0","Jamie Dimon on how economic inequality fueled political polarization and what can be done",1,4,1,4,95,"original","High school graduate (high school diploma or equivalent including GED)",-1,-1,-1,-1,1,"Male",1,"Not at all interested,Extremely interested",2,51,35,12,2,68,19,11,6,5,3,6,6,3,0.83,0.02,0.31,0.5,0.585,0.83,0.01,0.15,0.67,0.585
"6632541d67ff015d18ac2d31","Tax Experts Identify Inequities in Current Tax Law, Propose Solutions",5,6,1,3,2,"flipped","Associate degree in college (2-year)",1,1,-1,0,1,"Female",2,"Not at all interested,Extremely interested",46,5,13,36,80,4,6,10,4,3,4,4,3,4,0.39,0.26,0.09,0.04,0.805,0.0499999999999999,0,0.02,0.03,0.975
"67f7768ad2fb98795731b642","Gym Prices Leave Would-Be Climbers Grasping for an Affordable Hold",6,4,6,7,44,"flipped","Bachelor's degree in college (4-year)",3,2,2,2,4,"Male",3,"Not at all interested,Extremely interested",37,10,22,31,51,4,14,31,6,5,7,6,7,5,0.48,0.21,0.18,0.09,0.76,0.34,0.21,0.1,0.03,0.83
"66e6e00d42f8b0c2ef2ed06a","Debate Over Trickle-Down Economics Fueled by New Research",7,7,2,1,65,"flipped","High school graduate (high school diploma or equivalent including GED)",-3,-2,-2,-2,1,"Male",1,"Not at all interested,Extremely interested",61,4,7,28,79,6,7,8,7,7,6,7,7,3,0.24,0.18,0.03,0.03,0.88,0.0599999999999999,0.02,0.03,0.05,0.96
"6762046f01811a5a3054e737","US Sees Unprecedented Wealth Growth, Outpacing Global Peers",6,5,5,7,5,"flipped","Master's degree",1,2,2,2,4,"Male",2,"Very interested",11,40,20,29,20,40,20,20,2,3,4,4,3,6,0.74,0.19,0.16,0.39,0.63,0.65,0.1,0.16,0.39,0.675
"639dd20ab47fd76a4fd9c2c0","New Universal Basic Income Program in this state: $300/monthly payments coming soon",1,4,1,3,92,"original","Some college but no degree",1,1,1,1,3,"Female",3,"Not at all interested,Extremely interested",27,18,30,25,30,25,20,25,7,7,7,7,7,7,0.58,0.15,0.26,0.17,0.71,0.55,0.15,0.16,0.24,0.725
"5fefefa4c9707d3516361c9c","Despite Increased Funding, Minnesota Students Lag Behind Peers",1,2,1,3,103,"flipped","High school graduate (high school diploma or equivalent including GED)",2,1,1,1,NA,"Female",2,"Not at all interested,Extremely interested",0,36,29,35,5,24,40,31,1,1,7,1,1,7,0.85,0.25,0.25,0.35,0.575,0.8,0.21,0.36,0.23,0.6
"659b7c5ec0267a15dd6327f6","How can we understand wealth inequality across countries?",4,4,4,4,3,"original","High school graduate (high school diploma or equivalent including GED)",1,0,0,0,3,"Female",3,"Not at all interested,Extremely interested",5,75,15,5,5,75,15,5,6,4,4,5,4,4,0.8,0.05,0.11,0.74,0.575,0.8,0.05,0.11,0.74,0.575
"67f08bdf831588fb2cba7ff2","Tax cuts for the wealthy only benefit the rich: debunking trickle-down economics",6,7,6,6,65,"original","Doctoral degree",1,-1,-1,-1,5,"Female",5,"Not at all interested,Extremely interested",85,1,2,12,90,1,2,7,6,5,4,7,6,4,0,0.02,0.02,0,0.99,0.05,0.03,0.02,0,0.975
"5995be89f9db7d0001895993","Inequality and complacency: Experts weigh in on Minnesota’s lagging student achievement",1,5,1,4,103,"original","Bachelor's degree in college (4-year)",1,1,-1,0,3,"Female",2,"Not at all interested,Extremely interested",70,10,10,10,70,10,10,10,6,4,4,7,5,4,0.15,0,0.06,0.09,0.925,0.15,0,0.06,0.09,0.925
"67eedc81adc98dee28a5719b","New Study Reveals Surprising Differences in Wealth Inequality Across Countries",5,5,6,6,3,"flipped","Some college but no degree",-2,-1,-1,-1,NA,"Female",2,"Not at all interested,Extremely interested",65,2,9,24,52,9,12,27,7,7,4,6,7,4,0.2,0.14,0.05,0.01,0.9,0.33,0.17,0.08,0.08,0.835
"6504910c35d87452e508483d","Dividend Payments Work: The Surprising Success of Alaska's Permanent Fund",1,6,1,4,76,"flipped","Some college but no degree",-1,-2,0,-1,1,"Male",1,"Not at all interested,Extremely interested",70,5,10,15,70,5,10,15,7,7,2,7,7,2,0.15,0.05,0.06,0.04,0.925,0.15,0.05,0.06,0.04,0.925
"5e83347f35bbd104e85a363e","The Double-Edged Sword of Technological Progress: Balancing Economic Growth and Social Challenges",4,6,3,5,16,"flipped","Some college but no degree",-1,0,0,0,1,"Male",2,"Not at all interested,Extremely interested",85,1,4,10,90,1,2,7,7,6,4,7,6,5,0,0,0,0,1,0.05,0.03,0.02,0,0.975
"60393d92ed55293a04c77920","New Study Reveals Surprising Differences in Wealth Inequality Across Countries",7,7,7,7,3,"flipped","Bachelor's degree in college (4-year)",-3,-2,-2,-2,2,"Male",4,"Not at all interested,Extremely interested",88,2,4,6,88,2,3,7,7,7,2,7,7,2,0.03,0.04,0,0.01,0.98,0.03,0.03,0.01,0.01,0.98
"66903962f0abf539148f4760","The Alaska Permanent Fund isn't exactly universal basic income, but offers similar benefits to UBI. Here's how it works.",7,7,2,4,76,"original","Associate degree in college (2-year)",-1,0,-1,-0.5,3,"Female",2,"Not at all interested,Extremely interested",79,1,5,15,60,5,10,25,7,7,2,7,7,3,0.0599999999999999,0.05,0.01,0,0.97,0.25,0.15,0.06,0.04,0.875
"57d5593f8dcd2c00014bc55b","Jamie Dimon Urges Presidential Candidates to Set Aside Partisan Rhetoric and Focus on Common Ground",1,1,1,5,95,"flipped","Bachelor's degree in college (4-year)",-3,-2,-2,-2,5,"Male",1,"Not at all interested,Extremely interested",60,4,8,28,60,5,14,21,7,6,2,7,6,2,0.25,0.18,0.04,0.03,0.875,0.25,0.11,0.1,0.04,0.875
"661dd11d5523e507da514925","Black Americans Face a Critical Choice in the 2024 Election",1,4,2,4,31,"flipped","Bachelor's degree in college (4-year)",1,1,-1,0,5,"Male",2,"Not at all interested,Extremely interested",65,5,10,20,65,5,10,20,7,6,1,7,4,1,0.2,0.1,0.06,0.04,0.9,0.2,0.1,0.06,0.04,0.9
"6779acd6c1cdd3b9c4da5e3a","Research Challenges Assumption that Lower Interest Rates Make Education More Accessible to the Poor",1,1,1,4,26,"flipped","Bachelor's degree in college (4-year)",3,2,2,2,4,"Male",3,"Not at all interested,Extremely interested",50,10,15,25,50,10,15,25,3,1,7,3,1,7,0.35,0.15,0.11,0.09,0.825,0.35,0.15,0.11,0.09,0.825
"67f9769b705bdde5e67c981e","Proposed GOP Budget Cuts Would Reduce Federal Deficit, but Carry Social Costs",6,6,4,3,21,"flipped","Bachelor's degree in college (4-year)",-1,0,-1,-0.5,2,"Female",3,"Not at all interested,Extremely interested",80,1,4,15,80,1,4,15,7,6,4,7,6,2,0.0499999999999999,0.05,0,0,0.975,0.0499999999999999,0.05,0,0,0.975
"67fa78e5157f93139479afad","2024: A Defining Election For Black Rights And Economic Equality",7,7,6,5,31,"original","Bachelor's degree in college (4-year)",-3,-2,-2,-2,NA,"Female",4,"Not at all interested,Extremely interested",86,1,3,10,85,1,4,10,6,5,6,7,6,4,0.01,0,0.01,0,0.995,0,0,0,0,1
"6376b9ede4f5ca90df04d617","US Sees Unprecedented Wealth Growth, Outpacing Global Peers",4,5,3,4,5,"flipped","Bachelor's degree in college (4-year)",1,1,-1,0,5,"Male",2,"Not at all interested,Extremely interested",75,1,5,19,80,0,5,15,4,3,7,4,3,7,0.1,0.09,0.01,0,0.95,0.0499999999999999,0.05,0.01,0.01,0.97
"671d54ae200905c4df9e4802","Inequality and complacency: Experts weigh in on Minnesota’s lagging student achievement",4,6,3,4,103,"original","High school graduate (high school diploma or equivalent including GED)",1,1,1,1,3,"Female",3,"Not at all interested,Extremely interested",50,10,17,23,83,0,1,16,5,4,6,7,6,5,0.35,0.13,0.13,0.09,0.825,0.02,0.06,0.03,0.01,0.97
"668e8eb304552df4f32b2316","Gap in Life Expectancy Between Black and White Americans Remains Wide",2,5,4,4,50,"flipped","High school graduate (high school diploma or equivalent including GED)",-1,0,0,0,2,"Male",2,"Not at all interested,Extremely interested",85,1,6,8,85,2,5,8,7,7,5,7,7,5,0,0.02,0.02,0,0.99,0,0.02,0.01,0.01,0.99
"63bc0a007b1c348dff56b59d","Conservative Black columnist speaks on inequality and social justice at Susquehanna",1,7,1,1,36,"original","Associate degree in college (2-year)",1,1,1,1,2,"Female",2,"Not at all interested,Extremely interested",10,45,27,18,10,48,20,22,7,7,5,7,7,5,0.75,0.08,0.23,0.44,0.625,0.75,0.12,0.16,0.47,0.625
"67bdede0d97a75bbf02362eb","Inequality and complacency: Experts weigh in on Minnesota’s lagging student achievement",2,5,1,4,103,"original","Bachelor's degree in college (4-year)",2,1,0,0.5,NA,"Female",1,"Not at all interested,Extremely interested",79,1,10,10,83,1,8,8,5,4,5,6,4,5,0.0599999999999999,0,0.06,0,0.97,0.02,0.02,0.04,0,0.98
"5e8b32ec2c33ae7f20a0b401","Conservative Author Sparks Discussion on Campus with Views on Inequality",4,5,5,4,36,"flipped","Master's degree",-1,2,0,1,4,"Female",2,"Not at all interested,Extremely interested",11,10,32,47,12,15,31,42,7,7,3,7,7,3,0.74,0.37,0.28,0.09,0.63,0.73,0.32,0.27,0.14,0.635
"62e1cc9825f2af999c703794","Global Wealth Report 2024",1,6,1,4,5,"original","Master's degree",-1,0,0,0,5,"Male",4,"Not at all interested,Extremely interested",98,0,0,2,97,0,1,2,7,7,5,7,7,3,0.13,0.08,0.04,0.01,0.935,0.12,0.08,0.03,0.01,0.94
"67aa8d3aea01898aaf5e7c22","Debate Over Trickle-Down Economics Fueled by New Research",5,5,2,3,65,"flipped","Professional degree (JD, MD)",2,1,1,1,3,"Female",1,"Not at all interested,Extremely interested",50,5,15,30,50,5,15,30,7,5,5,6,5,5,0.35,0.2,0.11,0.04,0.825,0.35,0.2,0.11,0.04,0.825
"667dc494d7b2dff589b4e7c5","Economic Gains From Tech Come at the Cost of Rising Wealth Inequality",7,7,2,4,16,"original","High school graduate (high school diploma or equivalent including GED)",1,0,0,0,1,"Male",9,"Not at all interested,Extremely interested",50,10,15,25,80,3,7,10,7,7,4,7,7,3,0.35,0.15,0.11,0.09,0.825,0.0499999999999999,0,0.03,0.02,0.975
"614f4893a7f27d638ea5e58c","Proposed GOP Budget Cuts Would Reduce Federal Deficit, but Carry Social Costs",1,7,1,7,21,"flipped","Master's degree",-1,0,0,0,5,"Male",2,"Not at all interested,Extremely interested",97,0,1,2,97,0,1,2,7,7,3,7,7,2,0.12,0.08,0.03,0.01,0.94,0.12,0.08,0.03,0.01,0.94
"6737cd5c9d4c58c971233296","Proposed GOP Budget Cuts Would Reduce Federal Deficit, but Carry Social Costs",6,3,6,5,21,"flipped","Master's degree",-2,-1,-1,-1,5,"Male",1,"Not at all interested,Extremely interested",65,5,10,20,80,3,7,10,6,6,5,6,6,3,0.2,0.1,0.06,0.04,0.9,0.0499999999999999,0,0.03,0.02,0.975
"677168d70ec2f9f7f9f6ac05","New Report Exposes Tax System’s Role in Widening Racial Wealth Gap, Calls for Urgent Reforms",3,5,3,5,1,"original","Associate degree in college (2-year)",-1,1,0,0.5,2,"Male",2,"Extremely interested",67,7,4,22,70,5,5,20,7,3,6,7,2,6,0.18,0.12,0,0.06,0.91,0.15,0.1,0.01,0.04,0.925
"66babf8c3ca3ba306251e432","New Pilot Program in Colorado Offers $7200 in Assistance to Families with Young Children",1,5,1,4,92,"flipped","Some college but no degree",3,2,2,2,NA,"Female",2,"Not at all interested,Extremely interested",17,18,26,39,30,22,30,18,3,1,5,2,1,5,0.68,0.29,0.22,0.17,0.66,0.55,0.08,0.26,0.21,0.725
"67889b3c01516d381054acfd","Voter Turnout in Metro Atlanta Reveals Surprising Geographic Divide",7,7,5,4,70,"flipped","Some college but no degree",-1,-1,-1,-1,5,"Male",6,"Not at all interested,Extremely interested",80,4,6,10,80,4,6,10,7,7,3,7,7,3,0.0499999999999999,0,0.02,0.03,0.975,0.0499999999999999,0,0.02,0.03,0.975
"67f3c7abdae31f5d9204a70d","New Pilot Program in Colorado Offers $7200 in Assistance to Families with Young Children",7,6,7,6,92,"flipped","Doctoral degree",1,0,0,0,1,"Male",3,"Not at all interested,Extremely interested",40,5,8,47,30,15,18,37,6,7,4,6,7,4,0.45,0.37,0.04,0.04,0.775,0.55,0.27,0.14,0.14,0.725
"6640be7edc706d4622dbab1c","Dividend Payments Work: The Surprising Success of Alaska's Permanent Fund",5,7,1,4,76,"flipped","High school graduate (high school diploma or equivalent including GED)",-1,-1,-1,-1,1,"Female",2,"Not at all interested,Extremely interested",88,0,0,12,97,0,0,3,7,7,2,7,7,2,0.03,0.02,0.04,0.01,0.975,0.12,0.07,0.04,0.01,0.94
"660e9f4be98a50c10eb73e28","How can we understand wealth inequality across countries?",3,5,3,5,3,"original","High school graduate (high school diploma or equivalent including GED)",-2,-1,-1,-1,2,"Male",2,"Not at all interested,Extremely interested",60,5,10,25,55,5,15,25,6,5,5,6,5,5,0.25,0.15,0.06,0.04,0.875,0.3,0.15,0.11,0.04,0.85
"654c1cedd3cf222dcf97c6b7","Inequality and complacency: Experts weigh in on Minnesota’s lagging student achievement",1,2,1,2,103,"original","Master's degree",2,1,1,1,NA,"Female",2,"Not at all interested,Extremely interested",55,7,18,20,60,5,10,25,4,3,6,4,3,6,0.3,0.1,0.14,0.06,0.85,0.25,0.15,0.06,0.04,0.875
"641359b5040c453203e2c088","Gap in Life Expectancy Between Black and White Americans Remains Wide",5,6,4,5,50,"flipped","High school graduate (high school diploma or equivalent including GED)",3,2,2,2,2,"Male",4,"Not at all interested,Extremely interested",53,9,14,24,45,6,17,32,7,6,3,7,7,2,0.32,0.14,0.1,0.08,0.84,0.4,0.22,0.13,0.05,0.8
"66d8bcd9679f4d70b0b3ec69","Voter Turnout in Metro Atlanta Reveals Surprising Geographic Divide",6,7,5,4,70,"flipped","Some college but no degree",1,1,1,1,4,"Female",1,"Not at all interested,Extremely interested",50,10,15,25,50,10,15,25,6,5,6,6,4,6,0.35,0.15,0.11,0.09,0.825,0.35,0.15,0.11,0.09,0.825
"67a8f1deb81736a66b6ab65c","Debate Over Trickle-Down Economics Fueled by New Research",2,4,1,1,65,"flipped","Associate degree in college (2-year)",2,2,2,2,NA,"Female",2,"Not at all interested,Extremely interested",60,4,6,30,60,3,7,30,3,1,6,4,1,6,0.25,0.2,0.02,0.03,0.875,0.25,0.2,0.03,0.02,0.875
"67d9dd773ab354c1bd77391e","Jamie Dimon on how economic inequality fueled political polarization and what can be done",7,7,4,5,95,"original","Master's degree",3,2,2,2,4,"Male",5,"Not at all interested,Extremely interested",10,25,40,25,5,37,36,22,5,6,6,6,7,5,0.75,0.15,0.36,0.24,0.625,0.8,0.12,0.32,0.36,0.6
"549ba715fdf99b4ff969eed4","Is the US Really the Most Unequal Major Country?",4,5,4,6,23,"flipped","Some college but no degree",2,2,2,2,3,"Female",2,"Not at all interested,Extremely interested",96,0,0,4,93,0,1,6,5,5,4,5,6,6,0.11,0.06,0.04,0.01,0.945,0.0800000000000001,0.04,0.03,0.01,0.96
"66c39d3b223fe0e37420bd1d","New Study Reveals Surprising Differences in Wealth Inequality Across Countries",1,4,5,2,3,"flipped","High school graduate (high school diploma or equivalent including GED)",-1,0,0,0,2,"Female",3,"Not at all interested,Extremely interested",50,5,5,40,38,7,20,35,7,5,4,7,5,4,0.35,0.3,0.01,0.04,0.825,0.47,0.25,0.16,0.06,0.765
"67737e134b333b9a50de283e","Jamie Dimon Urges Presidential Candidates to Set Aside Partisan Rhetoric and Focus on Common Ground",3,5,4,6,95,"flipped","Associate degree in college (2-year)",1,0,0,0,4,"Female",2,"Not at all interested,Extremely interested",50,10,15,25,50,10,15,25,5,3,5,5,3,5,0.35,0.15,0.11,0.09,0.825,0.35,0.15,0.11,0.09,0.825
"67ed166e9a6c41a519528d51","New Pilot Program in Colorado Offers $7200 in Assistance to Families with Young Children",6,6,6,7,92,"flipped","Master's degree",-1,0,0,0,5,"Male",4,"Not at all interested,Extremely interested",70,5,5,20,60,5,15,20,6,3,5,7,7,5,0.15,0.1,0.01,0.04,0.925,0.25,0.1,0.11,0.04,0.875
"66610984cbc89dab2ada5116","How can we understand wealth inequality across countries?",6,5,4,5,3,"original","Bachelor's degree in college (4-year)",-2,-1,-1,-1,5,"Female",4,"Not at all interested,Extremely interested",25,12,38,25,33,18,17,32,5,4,6,5,4,6,0.6,0.15,0.34,0.11,0.7,0.52,0.22,0.13,0.17,0.74
"67c9b26562817e6af28f19b1","Bernie Sanders 2020: Is US inequality the highest?",6,6,5,4,23,"original","Doctoral degree",-3,-2,-1,-1.5,NA,"Female",4,"Not at all interested,Extremely interested",36,10,24,30,37,15,24,24,6,6,6,4,4,4,0.49,0.2,0.2,0.09,0.755,0.48,0.14,0.2,0.14,0.76
"664e2c02edf41c6338092b54","Can Low Interest Rates Drive Inequality?",2,4,2,4,26,"original","Associate degree in college (2-year)",-1,0,0,0,1,"Non-binary / third gender",1,"Not at all interested,Extremely interested",74,2,9,15,80,1,7,12,7,6,3,7,6,3,0.11,0.05,0.05,0.01,0.945,0.0499999999999999,0.02,0.03,0,0.975
"6785e8203ed06788f8abd4a5","Proposed GOP Budget Cuts Would Reduce Federal Deficit, but Carry Social Costs",6,5,2,3,21,"flipped","Master's degree",-1,1,1,1,4,"Female",4,"Not at all interested,Extremely interested",15,0,40,45,39,10,19,32,7,6,6,7,6,6,0.7,0.35,0.36,0.01,0.645,0.46,0.22,0.15,0.09,0.77
"6779774866fb6dc822448f3a","Inequality and complacency: Experts weigh in on Minnesota’s lagging student achievement",1,4,2,4,103,"original","Bachelor's degree in college (4-year)",-2,-1,-2,-1.5,2,"Female",2,"Not at all interested,Extremely interested",60,5,10,25,60,5,10,25,7,5,3,7,6,3,0.25,0.15,0.06,0.04,0.875,0.25,0.15,0.06,0.04,0.875
"669c13abec22054c1cce02e2","New Universal Basic Income Program in this state: $300/monthly payments coming soon",5,3,6,3,92,"original","Associate degree in college (2-year)",1,0,1,0.5,3,"Female",2,"Not at all interested,Extremely interested",7,43,25,25,7,43,25,25,5,5,6,4,3,6,0.78,0.15,0.21,0.42,0.61,0.78,0.15,0.21,0.42,0.61
"67ac040a6ce6b5d96793ffb8","Black Americans Face a Critical Choice in the 2024 Election",1,5,1,1,31,"flipped","Bachelor's degree in college (4-year)",1,2,-1,0.5,3,"Female",3,"Not at all interested,Extremely interested",53,6,15,26,49,7,14,30,6,5,5,6,5,5,0.32,0.16,0.11,0.05,0.84,0.36,0.2,0.1,0.06,0.82
"66b18b36f9f30793928d3996","Proposed GOP Budget Cuts Would Reduce Federal Deficit, but Carry Social Costs",5,3,5,3,21,"flipped","Some college but no degree",3,0,0,0,2,"Female",3,"Not at all interested,Extremely interested",40,15,20,25,50,10,10,30,4,5,7,5,5,7,0.45,0.15,0.16,0.14,0.775,0.35,0.2,0.06,0.09,0.825
"66ea046be28d7a36cca76a0c","The Race Gap: How U.S. systemic racism plays out in Black lives",1,6,1,4,50,"original","Bachelor's degree in college (4-year)",1,0,2,1,NA,"Female",4,"Not at all interested,Extremely interested",35,20,20,25,55,5,10,30,6,4,6,7,5,5,0.5,0.15,0.16,0.19,0.75,0.3,0.2,0.06,0.04,0.85
"5e27107888daaf016b0daada","Global Wealth Report 2024",1,4,1,4,5,"original","Some college but no degree",-2,-1,-1,-1,2,"Female",2,"Not at all interested,Extremely interested",60,5,10,25,70,3,7,20,7,6,4,7,6,4,0.25,0.15,0.06,0.04,0.875,0.15,0.1,0.03,0.02,0.925
"67abee1df911c8564157d793","Despite Increased Funding, Minnesota Students Lag Behind Peers",5,6,6,5,103,"flipped","Master's degree",-3,2,2,2,5,"Male",4,"Not at all interested,Extremely interested",27,19,23,31,27,22,24,27,5,4,6,5,5,5,0.58,0.21,0.19,0.18,0.71,0.58,0.17,0.2,0.21,0.71
"673ead8d8389b11c02a060e9","The Alaska Permanent Fund isn't exactly universal basic income, but offers similar benefits to UBI. Here's how it works.",1,6,1,5,76,"original","Doctoral degree",1,1,-1,0,4,"Male",1,"Not at all interested,Extremely interested",70,5,15,10,75,4,16,5,7,6,6,6,6,6,0.15,0,0.11,0.04,0.925,0.1,0.05,0.12,0.03,0.925
"65da0c93826bdadcf98372a9","Global Wealth Report 2024",2,2,4,4,5,"original","Bachelor's degree in college (4-year)",1,0,0,0,NA,"Female",3,"Not at all interested,Extremely interested",85,2,5,8,85,3,8,4,7,7,2,7,7,2,0,0.02,0.01,0.01,0.99,0,0.06,0.04,0.02,0.97
"5c567e2acc53750001751cb0","Inequality and complacency: Experts weigh in on Minnesota’s lagging student achievement",5,6,4,5,103,"original","Associate degree in college (2-year)",1,1,1,1,5,"Male",2,"Not at all interested,Extremely interested",78,5,4,13,84,4,4,8,5,4,6,6,5,5,0.07,0.03,0,0.04,0.965,0.01,0.02,0,0.03,0.985
"67d6e1629844ea1e1f605468","Bernie Sanders 2020: Is US inequality the highest?",6,7,7,7,23,"original","Bachelor's degree in college (4-year)",-3,-2,-2,-2,1,"Male",2,"Not at all interested,Extremely interested",90,1,4,5,90,1,3,6,7,7,5,7,7,6,0.05,0.05,0,0,0.975,0.05,0.04,0.01,0,0.975
"6692b83014b1e3282fce56cb","Wage Gap Statistics: The Numbers Behind Pay Disparity",6,7,2,4,15,"original","High school graduate (high school diploma or equivalent including GED)",-2,0,-2,-1,2,"Female",2,"Not at all interested,Extremely interested",40,10,20,30,40,10,15,35,7,4,3,7,6,2,0.45,0.2,0.16,0.09,0.775,0.45,0.25,0.11,0.09,0.775
"6764a378bfd2f0b0d9c06e15","Global Wealth Report 2024",2,6,1,4,5,"original","Some college but no degree",1,1,1,1,3,"Male",2,"Moderately interested",85,4,6,5,85,3,7,5,4,2,6,4,2,6,0,0.05,0.02,0.03,0.975,0,0.05,0.03,0.02,0.975
"67d0425f1f7076e7543a1dab","Tax cuts for the wealthy only benefit the rich: debunking trickle-down economics",5,5,6,6,65,"original","Master's degree",-3,-1,-2,-1.5,4,"Male",2,"Not at all interested,Extremely interested",90,1,4,5,90,2,3,5,7,7,5,7,7,5,0.05,0.05,0,0,0.975,0.05,0.05,0.01,0.01,0.97
"63dd3dd2593c92be97d8dbde","Project 2025 and GOP Agenda Would Increase Poverty and Wealth Gap, Experts Say",1,7,1,7,21,"original","High school graduate (high school diploma or equivalent including GED)",3,2,2,2,3,"Male",4,"Not at all interested,Extremely interested",90,1,4,5,90,1,4,5,4,4,5,4,4,5,0.05,0.05,0,0,0.975,0.05,0.05,0,0,0.975
"67f586da51db6d367a259350","Voter turnout in metro Atlanta differs by region, race and income",5,6,4,5,70,"original","Associate degree in college (2-year)",2,0,1,0.5,3,"Female",1,"Not at all interested,Extremely interested",50,5,15,30,50,10,15,25,4,5,5,5,5,3,0.35,0.2,0.11,0.04,0.825,0.35,0.15,0.11,0.09,0.825
"67dcc68ab4e41d1a7bda1f91","Gym Prices Leave Would-Be Climbers Grasping for an Affordable Hold",1,7,1,6,44,"flipped","Master's degree",-2,-1,-1,-1,4,"Male",4,"Not at all interested,Extremely interested",10,50,20,20,60,0,15,25,6,2,7,6,1,7,0.75,0.1,0.16,0.49,0.625,0.25,0.15,0.11,0.01,0.87
"60da4f9aa1ced7efeecca18a","Jamie Dimon on how economic inequality fueled political polarization and what can be done",5,6,4,5,95,"original","Bachelor's degree in college (4-year)",-2,-1,-1,-1,4,"Female",1,"Not at all interested,Extremely interested",54,6,15,25,62,5,13,20,6,7,3,6,6,3,0.31,0.15,0.11,0.05,0.845,0.23,0.1,0.09,0.04,0.885
"67e9439b0c9553e56f67d323","Choices and Circumstances: Exploring the Complexities of the Gender Pay Gap",5,5,4,5,15,"flipped","Bachelor's degree in college (4-year)",2,2,2,2,2,"Female",3,"Not at all interested,Extremely interested",85,1,4,10,80,2,4,14,7,7,6,6,6,6,0,0,0,0,1,0.0499999999999999,0.04,0,0.01,0.975
"67c9e8e5ec86b1f821a8d5c7","Tax cuts for the wealthy only benefit the rich: debunking trickle-down economics",1,4,2,2,65,"original","Some college but no degree",1,0,0,0,NA,"Female",4,"Not at all interested,Extremely interested",50,10,15,25,60,7,13,20,5,3,5,5,3,5,0.35,0.15,0.11,0.09,0.825,0.25,0.1,0.09,0.06,0.875
"67da14ccd38d6a25f0c0c531","Despite Record Low Unemployment, Racial Employment Gap Remains a Major Challenge",4,7,5,4,34,"flipped","Bachelor's degree in college (4-year)",-2,1,-2,-0.5,NA,"Male",5,"Not at all interested,Extremely interested",40,10,28,22,54,5,15,26,7,3,6,7,3,6,0.45,0.12,0.24,0.09,0.775,0.31,0.16,0.11,0.04,0.845
"67e57570814ffb2111a0b46d","US Sees Unprecedented Wealth Growth, Outpacing Global Peers",2,3,5,5,5,"flipped","Some college but no degree",2,0,0,0,1,"Female",1,"Not at all interested,Extremely interested",30,20,25,25,30,23,27,20,5,6,5,6,6,5,0.55,0.15,0.21,0.19,0.725,0.55,0.1,0.23,0.22,0.725
"63b6e5e23b31a38790ff1ce2","Economic Gains From Tech Come at the Cost of Rising Wealth Inequality",4,7,4,4,16,"original","High school graduate (high school diploma or equivalent including GED)",-1,0,-1,-0.5,1,"Female",4,"Not at all interested,Extremely interested",50,10,14,26,50,10,15,25,7,7,4,7,7,4,0.35,0.16,0.1,0.09,0.825,0.35,0.15,0.11,0.09,0.825
"677d53a22af1c18775b4f5d2","The Alaska Permanent Fund isn't exactly universal basic income, but offers similar benefits to UBI. Here's how it works.",2,4,2,5,76,"original","Bachelor's degree in college (4-year)",-1,0,-1,-0.5,NA,"Female",2,"Not at all interested,Extremely interested",85,1,4,10,85,1,4,10,6,6,3,6,6,3,0,0,0,0,1,0,0,0,0,1
"57sb346e21e5a50001562cb8","Despite Record Low Unemployment, Racial Employment Gap Remains a Major Challenge",7,6,6,6,34,"flipped","Associate degree in college (2-year)",-3,0,0,0,3,"Female",6,"Not at all interested,Extremely interested",15,50,20,15,20,60,10,10,6,6,4,7,7,4,0.7,0.05,0.16,0.49,0.65,0.65,0,0.06,0.59,0.675
"67ac95764f3091a540c69b5b","Jamie Dimon on how economic inequality fueled political polarization and what can be done",2,6,2,4,95,"original","Associate degree in college (2-year)",1,2,-1,0.5,2,"Female",4,"Not at all interested,Extremely interested",90,1,2,7,90,1,2,7,7,7,5,6,6,5,0.05,0.03,0.02,0,0.975,0.05,0.03,0.02,0,0.975
"6696b441d9db6dd7edbf66fd","Report Highlights Racial Wealth Gap in US Tax System",6,6,5,7,1,"flipped","Some college but no degree",1,1,1,1,2,"Male",3,"Not at all interested,Extremely interested",75,5,5,15,85,1,4,10,7,7,3,7,7,3,0.1,0.05,0.01,0.04,0.95,0,0,0,0,1
"669588e8ad1745596a02a04b","How can we understand wealth inequality across countries?",2,4,1,5,3,"original","High school graduate (high school diploma or equivalent including GED)",1,1,1,1,3,"Male",4,"Not at all interested,Extremely interested",50,6,9,35,50,10,10,30,7,6,3,7,6,2,0.35,0.25,0.05,0.05,0.825,0.35,0.2,0.06,0.09,0.825
"6632e6186c51f69e7b9db7bd","2024: A Defining Election For Black Rights And Economic Equality",1,7,1,4,31,"original","Bachelor's degree in college (4-year)",-1,0,-1,-0.5,3,"Male",3,"Not at all interested,Extremely interested",95,1,1,3,95,1,1,3,7,6,5,7,7,5,0.1,0.07,0.03,0,0.95,0.1,0.07,0.03,0,0.95
"67f83981b85a87dd2c46ebd8","Tax cuts for the wealthy only benefit the rich: debunking trickle-down economics",7,7,7,7,65,"original","Bachelor's degree in college (4-year)",-2,-1,-1,-1,2,"Female",3,"Not at all interested,Extremely interested",60,5,15,20,60,10,10,20,7,6,4,7,7,4,0.25,0.1,0.11,0.04,0.875,0.25,0.1,0.06,0.09,0.875
"6609619feb79146b62811775","Tax cuts for the wealthy only benefit the rich: debunking trickle-down economics",7,7,7,7,65,"original","Associate degree in college (2-year)",-3,-2,-2,-2,4,"Male",3,"Not at all interested,Extremely interested",80,3,7,10,80,3,7,10,7,6,3,7,6,2,0.0499999999999999,0,0.03,0.02,0.975,0.0499999999999999,0,0.03,0.02,0.975
"67c7e250b3d28dd21344b3ce","The Alaska Permanent Fund isn't exactly universal basic income, but offers similar benefits to UBI. Here's how it works.",7,6,6,7,76,"original","Bachelor's degree in college (4-year)",-1,0,0,0,2,"Male",1,"Not at all interested,Extremely interested",85,1,4,10,80,5,5,10,7,7,3,7,7,2,0,0,0,0,1,0.0499999999999999,0,0.01,0.04,0.975
"67e7163bd80f77d7cfb481d9","Can Low Interest Rates Drive Inequality?",7,7,7,7,26,"original","Master's degree",2,1,1,1,NA,"Male",5,"Not at all interested,Extremely interested",80,3,7,10,80,3,7,10,7,7,5,7,7,5,0.0499999999999999,0,0.03,0.02,0.975,0.0499999999999999,0,0.03,0.02,0.975
"6686b14f080dac40e2e2b3c8","US Sees Unprecedented Wealth Growth, Outpacing Global Peers",5,6,4,5,5,"flipped","Bachelor's degree in college (4-year)",-1,-1,-1,-1,1,"Male",2,"Not at all interested,Extremely interested",90,0,3,7,80,0,5,15,7,6,7,7,6,6,0.05,0.03,0.01,0.01,0.975,0.0499999999999999,0.05,0.01,0.01,0.97
"67ef6e8e9bfc15c060497365","New Universal Basic Income Program in this state: $300/monthly payments coming soon",4,5,4,4,92,"original","Master's degree",2,2,2,2,NA,"Male",6,"Not at all interested",25,15,25,35,28,22,19,31,5,7,6,5,6,6,0.6,0.25,0.21,0.14,0.7,0.57,0.21,0.15,0.21,0.715
"63c5c3192e709e19fc67d5dd","Can Climbing Outrun its Own Elitism with Inclusive Gym Pricing?",1,2,1,1,44,"original","Associate degree in college (2-year)",-1,0,-1,-0.5,1,"Male",1,"Not at all interested,Extremely interested",80,1,9,10,67,7,11,15,5,4,2,5,4,2,0.0499999999999999,0,0.05,0,0.975,0.18,0.05,0.07,0.06,0.91
"64a20e18b0f91aac5ea9a538","Proposed GOP Budget Cuts Would Reduce Federal Deficit, but Carry Social Costs",1,1,1,2,21,"flipped","Some college but no degree",3,2,2,2,2,"Female",3,"Not at all interested,Extremely interested",46,8,16,30,43,8,19,30,7,4,6,5,4,7,0.39,0.2,0.12,0.07,0.805,0.42,0.2,0.15,0.07,0.79
"6661bf4587f6b99850d9328b","Gap in Life Expectancy Between Black and White Americans Remains Wide",7,7,6,7,50,"flipped","Master's degree",1,0,1,0.5,1,"Female",4,"Not at all interested,Extremely interested",90,0,2,8,85,0,5,10,7,6,5,7,6,5,0.05,0.02,0.02,0.01,0.975,0,0,0.01,0.01,0.995
"67e2b41b80ccc5994866215d","Can Low Interest Rates Drive Inequality?",6,6,4,5,26,"original","Master's degree",1,1,1,1,2,"Female",2,"Not at all interested,Extremely interested",85,1,4,10,85,1,4,10,6,7,7,6,7,7,0,0,0,0,1,0,0,0,0,1
"67f559757a1c5599db5b807a","Choices and Circumstances: Exploring the Complexities of the Gender Pay Gap",6,5,5,5,15,"flipped","Master's degree",-3,1,-1,0,5,"Male",4,"Not at all interested,Extremely interested",40,10,20,30,40,10,20,30,6,1,3,6,1,3,0.45,0.2,0.16,0.09,0.775,0.45,0.2,0.16,0.09,0.775
"67c5b74f030c4c0f815f717d","Project 2025 and GOP Agenda Would Increase Poverty and Wealth Gap, Experts Say",5,4,5,3,21,"original","Bachelor's degree in college (4-year)",-2,0,0,0,2,"Female",5,"Not at all interested,Extremely interested",20,10,40,30,11,16,45,28,4,4,7,4,5,7,0.65,0.2,0.36,0.09,0.675,0.74,0.18,0.41,0.15,0.63
"67acae4d2601703808e7e666","New Study Reveals Surprising Differences in Wealth Inequality Across Countries",5,4,4,4,3,"flipped","Associate degree in college (2-year)",1,0,1,0.5,2,"Female",3,"Not at all interested,Extremely interested",59,2,8,31,32,6,39,23,5,4,6,5,6,6,0.26,0.21,0.04,0.01,0.87,0.53,0.13,0.35,0.05,0.735
"6668a638ee51b4f1656862e8","The Paradox Of Progress For Black Americans",1,4,1,4,34,"original","Bachelor's degree in college (4-year)",1,2,0,1,3,"Male",2,"Not at all interested,Extremely interested",45,5,20,30,45,5,20,30,1,1,5,1,1,5,0.4,0.2,0.16,0.04,0.8,0.4,0.2,0.16,0.04,0.8
"673a27fe372ce97a95aecf5c","Project 2025 and GOP Agenda Would Increase Poverty and Wealth Gap, Experts Say",7,7,7,7,21,"original","Some college but no degree",-1,-2,-2,-2,1,"Male",2,"Not at all interested,Extremely interested",90,1,2,7,95,1,1,3,7,7,3,7,7,2,0.05,0.03,0.02,0,0.975,0.1,0.07,0.03,0,0.95
"5e542a0c4b7e8c42fafa7216","Can Low Interest Rates Drive Inequality?",1,2,1,1,26,"original","Master's degree",2,2,0,1,5,"Male",1,"Not at all interested,Extremely interested",46,4,23,27,46,4,20,30,3,3,6,3,2,6,0.39,0.17,0.19,0.03,0.805,0.39,0.2,0.16,0.03,0.805
"62b9c2f1e55fe9f17dfedc5d","Despite Record Low Unemployment, Racial Employment Gap Remains a Major Challenge",1,4,1,4,34,"flipped","Bachelor's degree in college (4-year)",1,0,0,0,1,"Female",1,"Not at all interested,Extremely interested",60,5,15,20,60,5,15,20,5,5,7,5,5,7,0.25,0.1,0.11,0.04,0.875,0.25,0.1,0.11,0.04,0.875
"66240955715b3b45903381ed","Voter Turnout in Metro Atlanta Reveals Surprising Geographic Divide",3,4,3,3,70,"flipped","Less than high school degree",1,0,1,0.5,2,"Male",2,"Not at all interested,Extremely interested",50,10,15,25,45,10,20,25,5,5,5,5,5,5,0.35,0.15,0.11,0.09,0.825,0.4,0.15,0.16,0.09,0.8
"67a93e2d8c687a3fb20a5a4f","Conservative Author Sparks Discussion on Campus with Views on Inequality",4,3,4,4,36,"flipped","Master's degree",-2,0,0,0,3,"Female",3,"Not at all interested,Extremely interested",40,10,20,30,40,10,20,30,7,1,5,7,1,5,0.45,0.2,0.16,0.09,0.775,0.45,0.2,0.16,0.09,0.775
"67d08688485242495614dbe7","New report exposes tax system’s role in widening racial wealth gap, calls for urgent reforms",7,7,7,7,2,"original","Doctoral degree",-2,2,2,2,1,"Female",5,"Not at all interested,Extremely interested",52,8,15,25,62,1,9,28,7,7,6,7,7,7,0.33,0.15,0.11,0.07,0.835,0.23,0.18,0.05,0,0.885
"669c182b2a59d2c81e9053ad","Voter Turnout in Metro Atlanta Reveals Surprising Geographic Divide",5,6,4,4,70,"flipped","Associate degree in college (2-year)",-3,-2,-1,-1.5,3,"Male",2,"Not at all interested,Extremely interested",75,1,4,20,80,1,4,15,7,4,2,7,4,2,0.1,0.1,0,0,0.95,0.0499999999999999,0.05,0,0,0.975
"655a395e2828d333bae0ea4b","New Report Exposes Tax System’s Role in Widening Racial Wealth Gap, Calls for Urgent Reforms",2,5,3,4,1,"original","High school graduate (high school diploma or equivalent including GED)",-1,0,0,0,3,"Male",1,"Not at all interested,Extremely interested",70,10,10,10,40,11,24,25,7,6,6,6,6,6,0.15,0,0.06,0.09,0.925,0.45,0.15,0.2,0.1,0.775
"654e40f499dadc50cf250314","Conservative Author Sparks Discussion on Campus with Views on Inequality",2,6,2,6,36,"flipped","Some college but no degree",-1,0,0,0,3,"Female",2,"Not at all interested",30,15,20,35,20,35,25,20,6,5,3,6,6,3,0.55,0.25,0.16,0.14,0.725,0.65,0.1,0.21,0.34,0.675
"66544b06d9f37cea164b6022","Debate Over Trickle-Down Economics Fueled by New Research",1,4,1,4,65,"flipped","High school graduate (high school diploma or equivalent including GED)",1,NA,NA,NA,3,"Male",3,"Not at all interested,Extremely interested",75,3,5,17,75,3,5,17,2,4,5,3,4,5,0.1,0.07,0.01,0.02,0.95,0.1,0.07,0.01,0.02,0.95
"67f1cc26973bd7f41512c209","New report exposes tax system’s role in widening racial wealth gap, calls for urgent reforms",7,7,7,7,2,"original","Bachelor's degree in college (4-year)",2,1,2,1.5,2,"Female",2,"Not at all interested,Extremely interested",12,41,28,19,7,43,31,19,6,5,6,7,7,6,0.73,0.09,0.24,0.4,0.635,0.78,0.09,0.27,0.42,0.61
"66aeec26cc2673ace980d19a","2024: A Defining Election For Black Rights And Economic Equality",1,1,1,1,31,"original","Bachelor's degree in college (4-year)",2,1,1,1,1,"Male",1,"Not at all interested,Extremely interested",80,0,5,15,80,0,5,15,4,1,6,4,1,6,0.0499999999999999,0.05,0.01,0.01,0.97,0.0499999999999999,0.05,0.01,0.01,0.97
"663101f07e3aa04ccb41fa64","Jamie Dimon on how economic inequality fueled political polarization and what can be done",5,4,4,6,95,"original","Some college but no degree",-1,-1,-1,-1,1,"Male",1,"Not at all interested,Extremely interested",80,5,5,10,80,5,5,10,7,7,5,7,7,5,0.0499999999999999,0,0.01,0.04,0.975,0.0499999999999999,0,0.01,0.04,0.975
"6555776099f743902858ed4b","Report Highlights Racial Wealth Gap in US Tax System",5,6,3,6,1,"flipped","Master's degree",-1,0,0,0,NA,"Male",1,"Not at all interested,Extremely interested",60,2,7,31,50,7,14,29,6,6,5,7,7,3,0.25,0.21,0.03,0.01,0.875,0.35,0.19,0.1,0.06,0.825
"66770c43f6af58991638b26a","Voter Turnout in Metro Atlanta Reveals Surprising Geographic Divide",3,5,2,3,70,"flipped","Associate degree in college (2-year)",-1,0,0,0,3,"Female",1,"Not at all interested,Extremely interested",50,1,22,27,45,24,11,20,6,6,6,6,6,6,0.35,0.17,0.18,0,0.825,0.4,0.1,0.07,0.23,0.8
"67edd4074efe4beb388374fc","Voter turnout in metro Atlanta differs by region, race and income",6,6,6,6,70,"original","Master's degree",-2,0,0,0,4,"Male",4,"Not at all interested,Extremely interested",80,5,5,10,80,5,5,10,7,7,7,7,7,7,0.0499999999999999,0,0.01,0.04,0.975,0.0499999999999999,0,0.01,0.04,0.975
"67d0a570883ec7f0c342eaff","Bernie Sanders 2020: Is US inequality the highest?",6,6,3,3,23,"original","Associate degree in college (2-year)",-1,1,1,1,2,"Male",2,"Not at all interested,Extremely interested",70,1,9,20,2,80,10,8,6,6,6,6,6,7,0.15,0.1,0.05,0,0.925,0.83,0.02,0.06,0.79,0.575
"6671a0cec394601b8119f458","Is the US Really the Most Unequal Major Country?",5,5,1,1,23,"flipped","Some college but no degree",-1,0,0,0,2,"Male",1,"Not at all interested,Extremely interested",75,5,10,10,85,2,3,10,7,1,3,6,1,2,0.1,0,0.06,0.04,0.95,0,0,0.01,0.01,0.995
"6018a5c0e1600b187ccb8693","Bernie Sanders 2020: Is US inequality the highest?",1,4,4,3,23,"original","High school graduate (high school diploma or equivalent including GED)",-1,1,0,0.5,3,"Male",4,"Not at all interested,Extremely interested",84,12,1,3,54,22,8,16,5,3,2,6,6,6,0.01,0.07,0.03,0.11,0.945,0.31,0.06,0.04,0.21,0.845
"67f664fa00ef290432e82133","Gym Prices Leave Would-Be Climbers Grasping for an Affordable Hold",5,6,5,6,44,"flipped","Bachelor's degree in college (4-year)",-1,0,0,0,1,"Male",3,"Not at all interested,Extremely interested",20,25,15,40,20,25,15,40,5,5,6,5,3,6,0.65,0.3,0.11,0.24,0.675,0.65,0.3,0.11,0.24,0.675
"678e5caae9c26b68d7db8a40","Economic Gains From Tech Come at the Cost of Rising Wealth Inequality",7,7,7,7,16,"original","Bachelor's degree in college (4-year)",2,1,2,1.5,3,"Male",1,"Not at all interested,Extremely interested",60,5,15,20,50,7,13,30,7,5,7,7,5,4,0.25,0.1,0.11,0.04,0.875,0.35,0.2,0.09,0.06,0.825
"67cf82c15d7ad1f4d0238199","Can Climbing Outrun its Own Elitism with Inclusive Gym Pricing?",7,6,2,2,44,"original","Bachelor's degree in college (4-year)",-2,-1,-1,-1,NA,"Male",7,"Not at all interested,Extremely interested",50,5,20,25,35,15,20,30,6,6,6,2,6,7,0.35,0.15,0.16,0.04,0.825,0.5,0.2,0.16,0.14,0.75
"626976d0dfd20d6832fc92aa","Project 2025 and GOP Agenda Would Increase Poverty and Wealth Gap, Experts Say",6,7,6,7,21,"original","High school graduate (high school diploma or equivalent including GED)",-1,-1,0,-0.5,1,"Male",3,"Not at all interested,Extremely interested",50,5,20,25,50,5,15,30,7,7,2,7,7,2,0.35,0.15,0.16,0.04,0.825,0.35,0.2,0.11,0.04,0.825
"67eddf79a7c1d23c1535e17d","Dividend Payments Work: The Surprising Success of Alaska's Permanent Fund",5,5,4,4,76,"flipped","Bachelor's degree in college (4-year)",2,1,1,1,2,"Female",4,"Not at all interested,Extremely interested",4,47,30,19,4,47,30,19,5,6,4,6,6,4,0.81,0.09,0.26,0.46,0.595,0.81,0.09,0.26,0.46,0.595
"67701371beadf0bff4672b32","Conservative Black columnist speaks on inequality and social justice at Susquehanna",2,2,2,1,36,"original","High school graduate (high school diploma or equivalent including GED)",-1,-1,-1,-1,5,"Female",3,"Not at all interested,Extremely interested",60,4,12,24,65,5,10,20,6,6,5,6,6,6,0.25,0.14,0.08,0.03,0.875,0.2,0.1,0.06,0.04,0.9
"67f798166dfddf70fa270627","Choices and Circumstances: Exploring the Complexities of the Gender Pay Gap",5,5,5,5,15,"flipped","Bachelor's degree in college (4-year)",-1,-1,-1,-1,5,"Female",3,"Not at all interested,Extremely interested",50,10,15,25,40,15,20,25,5,5,4,5,5,6,0.35,0.15,0.11,0.09,0.825,0.45,0.15,0.16,0.14,0.775
"67db5621ad4dfa3eeb264e18","The Double-Edged Sword of Technological Progress: Balancing Economic Growth and Social Challenges",6,6,4,5,16,"flipped","Bachelor's degree in college (4-year)",1,1,1,1,2,"Female",3,"Not at all interested,Extremely interested",45,10,15,30,60,5,15,20,7,6,5,6,6,5,0.4,0.2,0.11,0.09,0.8,0.25,0.1,0.11,0.04,0.875
"67f212faa6132647f017ba0b","Is the US Really the Most Unequal Major Country?",4,5,4,5,23,"flipped","Master's degree",-2,2,1,1.5,3,"Male",4,"Not at all interested",26,30,26,18,35,22,29,14,6,5,6,5,6,5,0.59,0.08,0.22,0.29,0.705,0.5,0.04,0.25,0.21,0.75
"677fd8f97de41a9b7be91145","Jamie Dimon Urges Presidential Candidates to Set Aside Partisan Rhetoric and Focus on Common Ground",1,4,1,4,95,"flipped","Associate degree in college (2-year)",-1,-1,-1,-1,4,"Male",3,"Not at all interested,Extremely interested",79,1,8,12,79,1,7,13,7,7,2,7,7,2,0.0599999999999999,0.02,0.04,0,0.97,0.0599999999999999,0.03,0.03,0,0.97
"67f7ba5213be0ace31c33130","Jamie Dimon on how economic inequality fueled political polarization and what can be done",5,4,5,5,95,"original","Master's degree",2,1,2,1.5,3,"Female",3,"Not at all interested,Extremely interested",57,4,11,28,49,3,10,38,6,6,6,5,5,6,0.28,0.18,0.07,0.03,0.86,0.36,0.28,0.06,0.02,0.82
"674cd5932540f49dee9b65f5","Global Wealth Report 2024",4,4,3,3,5,"original","Some college but no degree",2,1,1,1,2,"Male",1,"Not at all interested,Extremely interested",61,9,9,21,58,5,11,26,5,4,4,5,4,4,0.24,0.11,0.05,0.08,0.88,0.27,0.16,0.07,0.04,0.865
"67d5e0560704251993215988","Black Americans Face a Critical Choice in the 2024 Election",5,6,7,7,31,"flipped","Bachelor's degree in college (4-year)",2,2,2,2,4,"Male",4,"Not at all interested,Extremely interested",82,3,4,11,60,4,14,22,6,6,6,6,6,6,0.03,0.01,0,0.02,0.985,0.25,0.12,0.1,0.03,0.875
"60e7858c8bb1e77a5eee77de","The Race Gap: How U.S. systemic racism plays out in Black lives",4,5,3,3,50,"original","High school graduate (high school diploma or equivalent including GED)",-1,-1,-1,-1,1,"Male",4,"Not at all interested,Extremely interested",70,4,11,15,63,6,12,19,6,6,5,6,5,6,0.15,0.05,0.07,0.03,0.925,0.22,0.09,0.08,0.05,0.89
"67e971874d89484dc057c317","Can Low Interest Rates Drive Inequality?",7,7,1,1,26,"original","Master's degree",2,1,1,1,3,"Female",4,"Not at all interested,Extremely interested",60,5,10,25,45,5,20,30,6,7,6,7,7,6,0.25,0.15,0.06,0.04,0.875,0.4,0.2,0.16,0.04,0.8
"670f6171756d8d3b2a73e819","Jamie Dimon Urges Presidential Candidates to Set Aside Partisan Rhetoric and Focus on Common Ground",1,4,1,4,95,"flipped","Master's degree",1,1,1,1,5,"Male",6,"Not at all interested,Extremely interested",70,5,10,15,70,5,10,15,4,3,4,5,3,4,0.15,0.05,0.06,0.04,0.925,0.15,0.05,0.06,0.04,0.925
"5ecc6ffce3ca77849333e83e","US Sees Unprecedented Wealth Growth, Outpacing Global Peers",1,4,1,2,5,"flipped","Bachelor's degree in college (4-year)",-1,0,0,0,2,"Male",2,"Not at all interested,Extremely interested",50,5,10,35,65,5,10,20,7,4,2,7,4,2,0.35,0.25,0.06,0.04,0.825,0.2,0.1,0.06,0.04,0.9
"6471243669fd3f43501ed674","The Race Gap: How U.S. systemic racism plays out in Black lives",1,4,2,4,50,"original","Associate degree in college (2-year)",1,0,0,0,2,"Female",1,"Not at all interested,Extremely interested",85,2,5,8,83,1,5,11,7,5,2,7,4,2,0,0.02,0.01,0.01,0.99,0.02,0.01,0.01,0,0.99
"5ea7514665002511e3b2da95","Bernie Sanders 2020: Is US inequality the highest?",6,7,5,5,23,"original","High school graduate (high school diploma or equivalent including GED)",-1,-1,-1,-1,2,"Male",2,"Not at all interested,Extremely interested",95,1,1,3,96,2,1,1,7,6,5,7,7,3,0.1,0.07,0.03,0,0.95,0.11,0.09,0.03,0.01,0.94
"67da00e1587b18a53e6c3b9a","Black Americans Face a Critical Choice in the 2024 Election",7,6,5,5,31,"flipped","Some college but no degree",-2,0,0,0,4,"Female",4,"Not at all interested,Extremely interested",13,25,25,37,21,30,21,28,5,4,6,4,4,5,0.72,0.27,0.21,0.24,0.64,0.64,0.18,0.17,0.29,0.68
"5a2846ceb4a5de00011af418","Conservative Author Sparks Discussion on Campus with Views on Inequality",1,1,1,1,36,"flipped","Professional degree (JD, MD)",-1,1,-1,0,5,"Female",3,"Not at all interested,Extremely interested",80,2,3,15,75,2,8,15,7,6,2,7,6,2,0.0499999999999999,0.05,0.01,0.01,0.97,0.1,0.05,0.04,0.01,0.95
"5a3bdd2c8d005a0001829f3e","Economic Gains From Tech Come at the Cost of Rising Wealth Inequality",7,7,7,7,16,"original","High school graduate (high school diploma or equivalent including GED)",-3,-1,-2,-1.5,2,"Male",2,"Not at all interested,Extremely interested",85,2,3,10,85,2,3,10,7,7,4,7,7,4,0,0,0.01,0.01,0.995,0,0,0.01,0.01,0.995
"67e18d3d9ae271b1719712c3","Conservative Black columnist speaks on inequality and social justice at Susquehanna",5,7,5,5,36,"original","Bachelor's degree in college (4-year)",2,1,1,1,5,"Female",5,"Not at all interested,Extremely interested",45,15,15,25,40,15,20,25,6,6,4,5,6,4,0.4,0.15,0.11,0.14,0.8,0.45,0.15,0.16,0.14,0.775
"610713aeac4904cc5d90e76d","Project 2025 and GOP Agenda Would Increase Poverty and Wealth Gap, Experts Say",5,7,5,5,21,"original","High school graduate (high school diploma or equivalent including GED)",-1,-1,-1,-1,3,"Male",5,"Not at all interested,Extremely interested",80,2,7,11,76,1,9,14,7,7,3,7,7,2,0.0499999999999999,0.01,0.03,0.01,0.975,0.09,0.04,0.05,0,0.955
"66ace12c42d9a67100360274","Choices and Circumstances: Exploring the Complexities of the Gender Pay Gap",5,5,3,4,15,"flipped","Bachelor's degree in college (4-year)",-2,-1,-2,-1.5,NA,"Male",2,"Not at all interested,Extremely interested",65,5,10,20,60,5,10,25,5,5,5,5,6,4,0.2,0.1,0.06,0.04,0.9,0.25,0.15,0.06,0.04,0.875
"669f0372343e26023ee5c023","Tax cuts for the wealthy only benefit the rich: debunking trickle-down economics",7,7,5,5,65,"original","Bachelor's degree in college (4-year)",-3,-2,-2,-2,5,"Female",3,"Not at all interested,Extremely interested",60,5,15,20,60,5,15,20,6,5,4,6,6,4,0.25,0.1,0.11,0.04,0.875,0.25,0.1,0.11,0.04,0.875
"676356a7bcf153d1d3e68224","Report Highlights Racial Wealth Gap in US Tax System",4,4,4,4,1,"flipped","Bachelor's degree in college (4-year)",-2,0,0,0,NA,"Female",5,"Not at all interested,Extremely interested",56,8,16,20,50,11,17,22,4,7,5,4,6,5,0.29,0.1,0.12,0.07,0.855,0.35,0.12,0.13,0.1,0.825
"66880fe9c86cfc62e8beb01d","Dividend Payments Work: The Surprising Success of Alaska's Permanent Fund",1,1,1,1,76,"flipped","Professional degree (JD, MD)",2,1,1,1,NA,"Female",3,"Not at all interested,Extremely interested",25,25,25,25,25,25,25,25,3,1,4,1,1,4,0.6,0.15,0.21,0.24,0.7,0.6,0.15,0.21,0.24,0.7
"6568b0b4e9cc3024c09286f9","Conservative Author Sparks Discussion on Campus with Views on Inequality",1,1,1,1,36,"flipped","Master's degree",-3,-2,-2,-2,1,"Male",1,"Not at all interested,Extremely interested",90,1,4,5,90,1,4,5,7,7,2,7,7,2,0.05,0.05,0,0,0.975,0.05,0.05,0,0,0.975
"659daa1ed4e13d6428103c1f","How can we understand wealth inequality across countries?",4,5,4,5,3,"original","Bachelor's degree in college (4-year)",-2,-1,-1,-1,NA,"Female",3,"Not at all interested,Extremely interested",13,28,33,26,25,23,26,26,5,4,6,6,5,5,0.72,0.16,0.29,0.27,0.64,0.6,0.16,0.22,0.22,0.7
"67775a3990c24dfe448b78bd","Can Low Interest Rates Drive Inequality?",5,5,3,4,26,"original","Master's degree",-1,0,-1,-0.5,5,"Male",2,"Not at all interested,Extremely interested",73,3,8,16,69,3,11,17,7,7,4,7,7,4,0.12,0.06,0.04,0.02,0.94,0.16,0.07,0.07,0.02,0.92
"677ab659ed36352f4c58e363","US Sees Unprecedented Wealth Growth, Outpacing Global Peers",2,6,1,5,5,"flipped","Some college but no degree",1,0,1,0.5,NA,"Male",3,"Not at all interested,Extremely interested",73,4,8,15,72,2,5,21,6,5,5,6,6,5,0.12,0.05,0.04,0.03,0.94,0.13,0.11,0.01,0.01,0.935
"6715129ec9c5aff7db36d7e7","Proposed GOP Budget Cuts Would Reduce Federal Deficit, but Carry Social Costs",3,3,5,5,21,"flipped","High school graduate (high school diploma or equivalent including GED)",-2,-1,-1,-1,3,"Male",3,"Not at all interested,Extremely interested",43,14,15,28,56,3,11,30,7,7,4,7,7,5,0.42,0.18,0.11,0.13,0.79,0.29,0.2,0.07,0.02,0.855
"67e08befff32f39b6a9f49fd","New Study Reveals Surprising Differences in Wealth Inequality Across Countries",7,6,7,5,3,"flipped","Master's degree",1,0,0,0,4,"Male",3,"Not at all interested,Extremely interested",25,25,25,25,25,25,25,25,4,4,4,4,4,4,0.6,0.15,0.21,0.24,0.7,0.6,0.15,0.21,0.24,0.7
"61107313f8a8c5d8adc23703","Despite Record Low Unemployment, Racial Employment Gap Remains a Major Challenge",4,6,5,7,34,"flipped","High school graduate (high school diploma or equivalent including GED)",-1,0,0,0,1,"Female",2,"Not at all interested,Extremely interested",53,6,8,33,65,5,9,21,5,7,4,7,7,4,0.32,0.23,0.04,0.05,0.84,0.2,0.11,0.05,0.04,0.9
"66e778dbd71f6556193bc9e5","New report exposes tax system’s role in widening racial wealth gap, calls for urgent reforms",5,6,1,6,2,"original","Some college but no degree",-1,0,-2,-1,3,"Male",3,"Not at all interested,Extremely interested",90,1,3,6,90,1,3,6,7,6,5,7,7,4,0.05,0.04,0.01,0,0.975,0.05,0.04,0.01,0,0.975
"671fe09d92ab40ec811f85a4","Proposed GOP Budget Cuts Would Reduce Federal Deficit, but Carry Social Costs",6,6,6,6,21,"flipped","Master's degree",2,1,1,1,1,"Male",5,"Not at all interested,Extremely interested",50,5,20,25,50,5,20,25,6,7,7,2,7,7,0.35,0.15,0.16,0.04,0.825,0.35,0.15,0.16,0.04,0.825
"6323781f75962af097c34b5e","Gym Prices Leave Would-Be Climbers Grasping for an Affordable Hold",3,5,1,6,44,"flipped","Associate degree in college (2-year)",-3,-2,-2,-2,2,"Male",3,"Not at all interested,Extremely interested",85,2,3,10,90,1,3,6,7,7,1,7,7,1,0,0,0.01,0.01,0.995,0.05,0.04,0.01,0,0.975
